NetName = C:\Users\valik\Downloads\Lab\rez_dir\NN_L5_Best.hdf5, Files C:\Users\valik\Downloads\Lab\Test/ 
File Name,Marked As,Recognized As,Cl 1,Cl 2,Cl 3, 
cat01bb6a2a0_0000_cl_2.wav,Cl 2,Cl 2, 0.001251 , 0.619343, 0.379406,
cat035de8fe0_0000_cl_2.wav,Cl 2,Cl 2, 0.000093 , 0.998800, 0.001107,
cat037c445a0_0000_cl_2.wav,Cl 2,Cl 2, 0.006527 , 0.958022, 0.035451,
cat0447d7c10_0000_cl_2.wav,Cl 2,Cl 2, 0.018824 , 0.539950, 0.441225,
cat0685264e0_0000_cl_2.wav,Cl 2,Cl 2, 0.011416 , 0.977825, 0.010759,
cat079d10200_0000_cl_2.wav,Cl 2,Cl 2, 0.079913 , 0.557222, 0.362865,
cat095847e40_0000_cl_2.wav,Cl 2,Cl 2, 0.001055 , 0.992938, 0.006006,
cat0ab3b47d1_0000_cl_2.wav,Cl 2,Cl 2, 0.008447 , 0.960372, 0.031181,
cat0d53e0450_0000_cl_2.wav,Cl 2,Cl 2, 0.018515 , 0.931126, 0.050359,
cat0f7205ef0_0000_cl_2.wav,Cl 2,Cl 2, 0.000300 , 0.998703, 0.000997,
cat10c6d8731_0000_cl_2.wav,Cl 2,Cl 2, 0.011121 , 0.904862, 0.084017,
cat113210270_0000_cl_2.wav,Cl 2,Cl 2, 0.006691 , 0.719195, 0.274115,
cat11860c841_0000_cl_2.wav,Cl 2,Cl 2, 0.000925 , 0.994026, 0.005049,
cat11860c843_0000_cl_2.wav,Cl 2,Cl 2, 0.002606 , 0.991546, 0.005848,
cat129c7d8d0_0000_cl_2.wav,Cl 2,Cl 1, 0.789570 , 0.059727, 0.150703,
cat130d9a871_0000_cl_2.wav,Cl 2,Cl 3, 0.106973 , 0.171053, 0.721974,
cat1365dd890_0000_cl_2.wav,Cl 2,Cl 2, 0.002447 , 0.937680, 0.059872,
cat13d7b8c90_0000_cl_2.wav,Cl 2,Cl 2, 0.001138 , 0.991692, 0.007170,
cat147754810_0000_cl_2.wav,Cl 2,Cl 2, 0.003788 , 0.985622, 0.010590,
cat15c563d70_0000_cl_2.wav,Cl 2,Cl 2, 0.013403 , 0.967901, 0.018696,
cat161fcca80_0000_cl_2.wav,Cl 2,Cl 2, 0.011253 , 0.957364, 0.031384,
cat161fcca81_0000_cl_2.wav,Cl 2,Cl 2, 0.038763 , 0.796634, 0.164604,
cat1657c9fa1_0000_cl_2.wav,Cl 2,Cl 2, 0.001365 , 0.990498, 0.008137,
cat1678e6f11_0000_cl_2.wav,Cl 2,Cl 2, 0.131026 , 0.453737, 0.415237,
cat173ce2be0_0000_cl_2.wav,Cl 2,Cl 2, 0.001776 , 0.995106, 0.003118,
cat19b055290_0000_cl_2.wav,Cl 2,Cl 3, 0.073808 , 0.321503, 0.604689,
cat1afd49bf0_0000_cl_2.wav,Cl 2,Cl 2, 0.002785 , 0.979112, 0.018103,
cat1bc45db91_0000_cl_2.wav,Cl 2,Cl 2, 0.072579 , 0.674048, 0.253373,
cat1d1fe0a01_0000_cl_2.wav,Cl 2,Cl 2, 0.002714 , 0.975907, 0.021379,
cat1dce06e81_0000_cl_2.wav,Cl 2,Cl 2, 0.026479 , 0.647575, 0.325945,
cat1fd85ee40_0000_cl_2.wav,Cl 2,Cl 2, 0.021354 , 0.909382, 0.069264,
cat1fe4c8910_0000_cl_2.wav,Cl 2,Cl 2, 0.001793 , 0.961749, 0.036458,
cat20d3f11f1_0000_cl_2.wav,Cl 2,Cl 2, 0.056366 , 0.705041, 0.238592,
cat20d779bf0_0000_cl_2.wav,Cl 2,Cl 2, 0.000411 , 0.991807, 0.007783,
cat2335770e0_0000_cl_2.wav,Cl 2,Cl 3, 0.229104 , 0.375918, 0.394979,
cat24ed94ab1_0000_cl_2.wav,Cl 2,Cl 2, 0.008407 , 0.970647, 0.020947,
cat2510c0440_0000_cl_2.wav,Cl 2,Cl 2, 0.022400 , 0.502767, 0.474833,
cat25c143941_0000_cl_2.wav,Cl 2,Cl 2, 0.002891 , 0.980968, 0.016141,
cat299c14b10_0000_cl_2.wav,Cl 2,Cl 2, 0.002413 , 0.984794, 0.012794,
cat2a0b413e0_0000_cl_2.wav,Cl 2,Cl 2, 0.007512 , 0.973109, 0.019379,
cat2a89ad5c0_0000_cl_2.wav,Cl 2,Cl 2, 0.029452 , 0.891158, 0.079390,
cat2b42e7a20_0000_cl_2.wav,Cl 2,Cl 2, 0.001799 , 0.994843, 0.003358,
cat2c6d39240_0000_cl_2.wav,Cl 2,Cl 2, 0.000819 , 0.947589, 0.051592,
cat2cec1d471_0000_cl_2.wav,Cl 2,Cl 2, 0.011615 , 0.915161, 0.073224,
cat30137d340_0000_cl_2.wav,Cl 2,Cl 3, 0.306531 , 0.226265, 0.467204,
cat30802c5d0_0000_cl_2.wav,Cl 2,Cl 2, 0.021009 , 0.782284, 0.196708,
cat30a097891_0000_cl_2.wav,Cl 2,Cl 2, 0.012186 , 0.909717, 0.078097,
cat31267b591_0000_cl_2.wav,Cl 2,Cl 2, 0.002829 , 0.987858, 0.009313,
cat3143fdff0_0000_cl_2.wav,Cl 2,Cl 2, 0.004382 , 0.987013, 0.008605,
cat31d31fa01_0000_cl_2.wav,Cl 2,Cl 2, 0.178726 , 0.556538, 0.264736,
cat31d31fa02_0000_cl_2.wav,Cl 2,Cl 2, 0.090912 , 0.861194, 0.047894,
cat31e686d20_0000_cl_2.wav,Cl 2,Cl 2, 0.007818 , 0.960295, 0.031888,
cat3209ec420_0000_cl_2.wav,Cl 2,Cl 2, 0.004674 , 0.982283, 0.013043,
cat325a0c390_0000_cl_2.wav,Cl 2,Cl 2, 0.000901 , 0.996795, 0.002304,
cat333784b70_0000_cl_2.wav,Cl 2,Cl 2, 0.003240 , 0.972695, 0.024065,
cat3389305e0_0000_cl_2.wav,Cl 2,Cl 2, 0.012891 , 0.757888, 0.229222,
cat348058830_0000_cl_2.wav,Cl 2,Cl 3, 0.019158 , 0.455471, 0.525371,
cat35d1b6ee0_0000_cl_2.wav,Cl 2,Cl 3, 0.012704 , 0.188548, 0.798749,
cat36050ef30_0000_cl_2.wav,Cl 2,Cl 3, 0.062004 , 0.293359, 0.644637,
cat36050ef31_0000_cl_2.wav,Cl 2,Cl 3, 0.062004 , 0.293359, 0.644637,
cat37d38e441_0000_cl_2.wav,Cl 2,Cl 2, 0.002643 , 0.985484, 0.011874,
cat380abbad0_0000_cl_2.wav,Cl 2,Cl 2, 0.003349 , 0.973321, 0.023330,
cat39025b210_0000_cl_2.wav,Cl 2,Cl 3, 0.249036 , 0.180766, 0.570199,
cat3903b5580_0000_cl_2.wav,Cl 2,Cl 2, 0.019756 , 0.865918, 0.114326,
cat39c13eed0_0000_cl_2.wav,Cl 2,Cl 2, 0.019677 , 0.910219, 0.070104,
cat3a182c980_0000_cl_2.wav,Cl 2,Cl 2, 0.066099 , 0.740186, 0.193715,
cat3ac2e76f1_0000_cl_2.wav,Cl 2,Cl 2, 0.033697 , 0.865485, 0.100819,
cat3d9200b90_0000_cl_2.wav,Cl 2,Cl 2, 0.002420 , 0.984071, 0.013510,
cat3d9200b91_0000_cl_2.wav,Cl 2,Cl 2, 0.081397 , 0.569754, 0.348849,
cat3dfd6c230_0000_cl_2.wav,Cl 2,Cl 2, 0.023404 , 0.931848, 0.044748,
cat3e31dffe0_0000_cl_2.wav,Cl 2,Cl 2, 0.001922 , 0.987204, 0.010874,
cat3efa7ec40_0000_cl_2.wav,Cl 2,Cl 2, 0.005343 , 0.983034, 0.011623,
cat422f8cf10_0000_cl_2.wav,Cl 2,Cl 2, 0.025501 , 0.786610, 0.187888,
cat43f572970_0000_cl_2.wav,Cl 2,Cl 3, 0.014517 , 0.116033, 0.869450,
cat4407ba920_0000_cl_2.wav,Cl 2,Cl 2, 0.031086 , 0.873749, 0.095165,
cat45adf84a1_0000_cl_2.wav,Cl 2,Cl 3, 0.313578 , 0.168770, 0.517653,
cat4620dc140_0000_cl_2.wav,Cl 2,Cl 2, 0.042216 , 0.798645, 0.159140,
cat4620dc141_0000_cl_2.wav,Cl 2,Cl 2, 0.001211 , 0.995731, 0.003058,
cat46a153d80_0000_cl_2.wav,Cl 2,Cl 3, 0.250546 , 0.006910, 0.742544,
cat471a09250_0000_cl_2.wav,Cl 2,Cl 2, 0.037527 , 0.784538, 0.177935,
cat49f30eed0_0000_cl_2.wav,Cl 2,Cl 2, 0.002273 , 0.993559, 0.004169,
cat4a0e2c160_0000_cl_2.wav,Cl 2,Cl 2, 0.001122 , 0.998423, 0.000454,
cat4a0e2c161_0000_cl_2.wav,Cl 2,Cl 2, 0.191582 , 0.419384, 0.389034,
cat4a803e670_0000_cl_2.wav,Cl 2,Cl 2, 0.022912 , 0.907741, 0.069347,
cat4bb1244f0_0000_cl_2.wav,Cl 2,Cl 2, 0.000418 , 0.912260, 0.087322,
cat4d4e17f50_0000_cl_2.wav,Cl 2,Cl 2, 0.011611 , 0.786102, 0.202287,
cat4f0863930_0000_cl_2.wav,Cl 2,Cl 2, 0.117140 , 0.509584, 0.373276,
cat4fd4d0730_0000_cl_2.wav,Cl 2,Cl 2, 0.005279 , 0.980471, 0.014251,
cat500338930_0000_cl_2.wav,Cl 2,Cl 2, 0.004529 , 0.946436, 0.049034,
cat500338931_0000_cl_2.wav,Cl 2,Cl 2, 0.004025 , 0.934269, 0.061706,
cat50f555350_0000_cl_2.wav,Cl 2,Cl 2, 0.006363 , 0.968890, 0.024746,
cat518588b60_0000_cl_2.wav,Cl 2,Cl 2, 0.030601 , 0.813991, 0.155408,
cat534583681_0000_cl_2.wav,Cl 2,Cl 2, 0.023213 , 0.916621, 0.060166,
cat5588c7e60_0000_cl_2.wav,Cl 2,Cl 2, 0.010732 , 0.963601, 0.025668,
cat5744b6a71_0000_cl_2.wav,Cl 2,Cl 2, 0.003389 , 0.980907, 0.015705,
cat59b98a220_0000_cl_2.wav,Cl 2,Cl 2, 0.024555 , 0.799153, 0.176292,
cat59c3a7f21_0000_cl_2.wav,Cl 2,Cl 2, 0.001202 , 0.990164, 0.008635,
cat59fe87e61_0000_cl_2.wav,Cl 2,Cl 2, 0.000394 , 0.994799, 0.004807,
cat5be23def1_0000_cl_2.wav,Cl 2,Cl 2, 0.001284 , 0.988136, 0.010580,
cat5d0ab1651_0000_cl_2.wav,Cl 2,Cl 2, 0.021837 , 0.838804, 0.139359,
cat5d9bb3610_0000_cl_2.wav,Cl 2,Cl 2, 0.234833 , 0.416322, 0.348846,
cat5e3dde6b0_0000_cl_2.wav,Cl 2,Cl 2, 0.223978 , 0.431792, 0.344230,
cat6094340e0_0000_cl_2.wav,Cl 2,Cl 3, 0.183264 , 0.103027, 0.713709,
cat6166ae210_0000_cl_2.wav,Cl 2,Cl 3, 0.000306 , 0.368534, 0.631160,
cat626052930_0000_cl_2.wav,Cl 2,Cl 2, 0.198401 , 0.445916, 0.355684,
cat6366f61a0_0000_cl_2.wav,Cl 2,Cl 2, 0.000710 , 0.996532, 0.002758,
cat6414258b1_0000_cl_2.wav,Cl 2,Cl 2, 0.012496 , 0.928829, 0.058675,
cat6414258b3_0000_cl_2.wav,Cl 2,Cl 2, 0.040432 , 0.838560, 0.121009,
cat64f83f0e0_0000_cl_2.wav,Cl 2,Cl 2, 0.097545 , 0.597111, 0.305343,
cat64f83f0e1_0000_cl_2.wav,Cl 2,Cl 2, 0.003752 , 0.953081, 0.043167,
cat650daf8e1_0000_cl_2.wav,Cl 2,Cl 2, 0.037294 , 0.738884, 0.223821,
cat652b3da71_0000_cl_2.wav,Cl 2,Cl 2, 0.026871 , 0.930436, 0.042694,
cat67c7fecb1_0000_cl_2.wav,Cl 2,Cl 2, 0.028579 , 0.907566, 0.063856,
cat67fcdb050_0000_cl_2.wav,Cl 2,Cl 2, 0.001527 , 0.994669, 0.003804,
cat6846af180_0000_cl_2.wav,Cl 2,Cl 2, 0.001086 , 0.993176, 0.005738,
cat686d030b0_0000_cl_2.wav,Cl 2,Cl 2, 0.000103 , 0.998149, 0.001747,
cat68effe850_0000_cl_2.wav,Cl 2,Cl 2, 0.023881 , 0.892131, 0.083987,
cat695c21270_0000_cl_2.wav,Cl 2,Cl 3, 0.051812 , 0.432336, 0.515852,
cat6982fc2a0_0000_cl_2.wav,Cl 2,Cl 2, 0.005232 , 0.973929, 0.020839,
cat6a497f800_0000_cl_2.wav,Cl 2,Cl 3, 0.139638 , 0.107259, 0.753102,
cat6c0f64930_0000_cl_2.wav,Cl 2,Cl 2, 0.010115 , 0.892373, 0.097512,
cat6c429c7b0_0000_cl_2.wav,Cl 2,Cl 2, 0.041502 , 0.685427, 0.273071,
cat6cc28ce50_0000_cl_2.wav,Cl 2,Cl 3, 0.211408 , 0.388632, 0.399960,
cat6d0ad7640_0000_cl_2.wav,Cl 2,Cl 2, 0.005875 , 0.905822, 0.088303,
cat6dfff95a0_0000_cl_2.wav,Cl 2,Cl 2, 0.083497 , 0.802273, 0.114231,
cat6f3428260_0000_cl_2.wav,Cl 2,Cl 2, 0.009643 , 0.961032, 0.029325,
cat7081436f0_0000_cl_2.wav,Cl 2,Cl 2, 0.007922 , 0.963530, 0.028548,
cat71904de30_0000_cl_2.wav,Cl 2,Cl 2, 0.184750 , 0.497901, 0.317350,
cat721f767c0_0000_cl_2.wav,Cl 2,Cl 2, 0.103113 , 0.837195, 0.059692,
cat72aa72591_0000_cl_2.wav,Cl 2,Cl 2, 0.014001 , 0.953811, 0.032188,
cat7318280c0_0000_cl_2.wav,Cl 2,Cl 2, 0.038599 , 0.713934, 0.247467,
cat742d64310_0000_cl_2.wav,Cl 2,Cl 2, 0.001984 , 0.991154, 0.006862,
cat75b631ff0_0000_cl_2.wav,Cl 2,Cl 2, 0.002744 , 0.983861, 0.013395,
cat76e53db90_0000_cl_2.wav,Cl 2,Cl 3, 0.235561 , 0.071475, 0.692964,
cat778a4a010_0000_cl_2.wav,Cl 2,Cl 2, 0.153404 , 0.425390, 0.421207,
cat77ac58c50_0000_cl_2.wav,Cl 2,Cl 2, 0.015073 , 0.548532, 0.436395,
cat782c13051_0000_cl_2.wav,Cl 2,Cl 2, 0.002871 , 0.949706, 0.047424,
cat784e281a0_0000_cl_2.wav,Cl 2,Cl 2, 0.003932 , 0.986629, 0.009439,
cat788847940_0000_cl_2.wav,Cl 2,Cl 2, 0.006304 , 0.960582, 0.033115,
cat788847941_0000_cl_2.wav,Cl 2,Cl 2, 0.003558 , 0.971031, 0.025411,
cat789e4ee70_0000_cl_2.wav,Cl 2,Cl 2, 0.026953 , 0.680387, 0.292660,
cat789e4ee71_0000_cl_2.wav,Cl 2,Cl 2, 0.002610 , 0.984101, 0.013289,
cat7b3019390_0000_cl_2.wav,Cl 2,Cl 2, 0.025964 , 0.943109, 0.030927,
cat7be5a0f30_0000_cl_2.wav,Cl 2,Cl 2, 0.003175 , 0.988250, 0.008575,
cat7be5a0f31_0000_cl_2.wav,Cl 2,Cl 2, 0.000660 , 0.997061, 0.002280,
cat7be5a0f32_0000_cl_2.wav,Cl 2,Cl 2, 0.007887 , 0.941580, 0.050533,
cat7c1d85330_0000_cl_2.wav,Cl 2,Cl 2, 0.041918 , 0.748502, 0.209580,
cat7c75a5040_0000_cl_2.wav,Cl 2,Cl 2, 0.002067 , 0.974341, 0.023592,
cat7c9b43f00_0000_cl_2.wav,Cl 2,Cl 2, 0.001057 , 0.993258, 0.005685,
cat7cb5c0b70_0000_cl_2.wav,Cl 2,Cl 2, 0.002144 , 0.982071, 0.015785,
cat7d149b380_0000_cl_2.wav,Cl 2,Cl 2, 0.002690 , 0.989941, 0.007369,
cat7e2d5caf0_0000_cl_2.wav,Cl 2,Cl 2, 0.028700 , 0.721597, 0.249702,
cat7e4fa1d81_0000_cl_2.wav,Cl 2,Cl 2, 0.010032 , 0.867978, 0.121991,
cat7e556a2c0_0000_cl_2.wav,Cl 2,Cl 2, 0.023297 , 0.935647, 0.041056,
cat7ea032f30_0000_cl_2.wav,Cl 2,Cl 2, 0.001584 , 0.986395, 0.012021,
cat7eee59730_0000_cl_2.wav,Cl 2,Cl 2, 0.012322 , 0.908796, 0.078882,
cat7f17667c3_0000_cl_2.wav,Cl 2,Cl 2, 0.028166 , 0.881054, 0.090780,
cat7ff4fc721_0000_cl_2.wav,Cl 2,Cl 2, 0.000566 , 0.995565, 0.003869,
cat8012c69d0_0000_cl_2.wav,Cl 2,Cl 3, 0.013564 , 0.468457, 0.517979,
cat813b82a60_0000_cl_2.wav,Cl 2,Cl 2, 0.011385 , 0.969252, 0.019364,
cat81a345a30_0000_cl_2.wav,Cl 2,Cl 2, 0.004669 , 0.844914, 0.150417,
cat826268f81_0000_cl_2.wav,Cl 2,Cl 2, 0.162139 , 0.648436, 0.189425,
cat826268f83_0000_cl_2.wav,Cl 2,Cl 3, 0.083172 , 0.260908, 0.655920,
cat83c9e7e60_0000_cl_2.wav,Cl 2,Cl 3, 0.135181 , 0.404500, 0.460320,
cat84bf12ff0_0000_cl_2.wav,Cl 2,Cl 2, 0.004770 , 0.971357, 0.023874,
cat850e22221_0000_cl_2.wav,Cl 2,Cl 2, 0.003212 , 0.977783, 0.019005,
cat86b896610_0000_cl_2.wav,Cl 2,Cl 2, 0.088563 , 0.520658, 0.390779,
cat87014d400_0000_cl_2.wav,Cl 2,Cl 2, 0.006187 , 0.926137, 0.067676,
cat881206830_0000_cl_2.wav,Cl 2,Cl 2, 0.004445 , 0.826677, 0.168878,
cat89ed36ab1_0000_cl_2.wav,Cl 2,Cl 2, 0.059008 , 0.858085, 0.082907,
cat8a3257490_0000_cl_2.wav,Cl 2,Cl 2, 0.005690 , 0.970088, 0.024222,
cat8a56f36e0_0000_cl_2.wav,Cl 2,Cl 2, 0.005187 , 0.976880, 0.017933,
cat8aa35b0c0_0000_cl_2.wav,Cl 2,Cl 2, 0.000747 , 0.994443, 0.004810,
cat8aa35b0c1_0000_cl_2.wav,Cl 2,Cl 2, 0.010977 , 0.909524, 0.079499,
cat8aa35b0c3_0000_cl_2.wav,Cl 2,Cl 2, 0.013371 , 0.770790, 0.215839,
cat8bbd98d00_0000_cl_2.wav,Cl 2,Cl 2, 0.016547 , 0.930922, 0.052531,
cat8c7c91681_0000_cl_2.wav,Cl 2,Cl 2, 0.001082 , 0.983184, 0.015734,
cat8d4cdc601_0000_cl_2.wav,Cl 2,Cl 2, 0.001150 , 0.994367, 0.004483,
cat8ea22de70_0000_cl_2.wav,Cl 2,Cl 2, 0.007359 , 0.786090, 0.206551,
cat8eb4a1bf0_0000_cl_2.wav,Cl 2,Cl 2, 0.007984 , 0.966600, 0.025416,
cat8ec6dab60_0000_cl_2.wav,Cl 2,Cl 2, 0.005104 , 0.919607, 0.075289,
cat8f0d3c270_0000_cl_2.wav,Cl 2,Cl 2, 0.059340 , 0.652506, 0.288154,
cat8f811bbc0_0000_cl_2.wav,Cl 2,Cl 2, 0.003227 , 0.980148, 0.016625,
cat908047750_0000_cl_2.wav,Cl 2,Cl 2, 0.003514 , 0.728806, 0.267681,
cat962f27eb0_0000_cl_2.wav,Cl 2,Cl 2, 0.126225 , 0.475523, 0.398252,
cat9637f43f2_0000_cl_2.wav,Cl 2,Cl 2, 0.009832 , 0.940852, 0.049316,
cat96c66ab71_0000_cl_2.wav,Cl 2,Cl 2, 0.002234 , 0.977785, 0.019982,
cat96c66ab72_0000_cl_2.wav,Cl 2,Cl 2, 0.004059 , 0.983254, 0.012687,
cat97101ef31_0000_cl_2.wav,Cl 2,Cl 2, 0.004221 , 0.988122, 0.007657,
cat97e0c5761_0000_cl_2.wav,Cl 2,Cl 2, 0.342970 , 0.530884, 0.126146,
cat99081f4d0_0000_cl_2.wav,Cl 2,Cl 2, 0.005479 , 0.978847, 0.015675,
cat99081f4d1_0000_cl_2.wav,Cl 2,Cl 2, 0.003852 , 0.988505, 0.007643,
cat99a9b0150_0000_cl_2.wav,Cl 2,Cl 2, 0.001896 , 0.925824, 0.072280,
cat99e6cab80_0000_cl_2.wav,Cl 2,Cl 3, 0.127553 , 0.086550, 0.785898,
cat9acd02540_0000_cl_2.wav,Cl 2,Cl 2, 0.003615 , 0.986868, 0.009517,
cat9b027ecf0_0000_cl_2.wav,Cl 2,Cl 2, 0.151181 , 0.437263, 0.411556,
cat9b5815cd0_0000_cl_2.wav,Cl 2,Cl 3, 0.298661 , 0.112378, 0.588961,
cat9bea2ac70_0000_cl_2.wav,Cl 2,Cl 2, 0.231099 , 0.412183, 0.356718,
cat9d171fee1_0000_cl_2.wav,Cl 2,Cl 3, 0.336476 , 0.223061, 0.440463,
cat9d8ac38b0_0000_cl_2.wav,Cl 2,Cl 2, 0.020567 , 0.694449, 0.284984,
cat9f7079fe0_0000_cl_2.wav,Cl 2,Cl 2, 0.004829 , 0.978722, 0.016449,
cat9f7079fe3_0000_cl_2.wav,Cl 2,Cl 2, 0.001427 , 0.984719, 0.013853,
cat9f869f700_0000_cl_2.wav,Cl 2,Cl 2, 0.002709 , 0.988986, 0.008306,
cat9f869f701_0000_cl_2.wav,Cl 2,Cl 2, 0.007820 , 0.975742, 0.016438,
cata1533da40_0000_cl_2.wav,Cl 2,Cl 2, 0.013432 , 0.868775, 0.117793,
cata1dd919f0_0000_cl_2.wav,Cl 2,Cl 1, 0.695471 , 0.186225, 0.118304,
cata2473d620_0000_cl_2.wav,Cl 2,Cl 2, 0.016363 , 0.948746, 0.034892,
cata42a88ff0_0000_cl_2.wav,Cl 2,Cl 3, 0.312891 , 0.025475, 0.661634,
cata518d1cf0_0000_cl_2.wav,Cl 2,Cl 3, 0.048114 , 0.293502, 0.658385,
cata5609cce0_0000_cl_2.wav,Cl 2,Cl 2, 0.005587 , 0.961675, 0.032738,
cata759efbc0_0000_cl_2.wav,Cl 2,Cl 2, 0.020463 , 0.824015, 0.155522,
cata827e3a10_0000_cl_2.wav,Cl 2,Cl 2, 0.000638 , 0.993524, 0.005838,
cata8e25ebb0_0000_cl_2.wav,Cl 2,Cl 3, 0.188597 , 0.391416, 0.419987,
cata8f45bdc0_0000_cl_2.wav,Cl 2,Cl 2, 0.005016 , 0.935753, 0.059231,
catab5d71790_0000_cl_2.wav,Cl 2,Cl 2, 0.005146 , 0.983861, 0.010993,
catab81c9c81_0000_cl_2.wav,Cl 2,Cl 2, 0.003671 , 0.982439, 0.013890,
catad340ed70_0000_cl_2.wav,Cl 2,Cl 2, 0.001724 , 0.987568, 0.010709,
cataeb99b1c1_0000_cl_2.wav,Cl 2,Cl 2, 0.114359 , 0.565581, 0.320060,
catafb9e62e0_0000_cl_2.wav,Cl 2,Cl 2, 0.008124 , 0.947601, 0.044274,
catafbec28d1_0000_cl_2.wav,Cl 2,Cl 2, 0.008377 , 0.704367, 0.287256,
catafd533890_0000_cl_2.wav,Cl 2,Cl 3, 0.342132 , 0.084548, 0.573320,
catb00c4c530_0000_cl_2.wav,Cl 2,Cl 2, 0.003641 , 0.987655, 0.008704,
catb00c4c533_0000_cl_2.wav,Cl 2,Cl 2, 0.000262 , 0.998762, 0.000976,
catb087aa0e1_0000_cl_2.wav,Cl 2,Cl 2, 0.069768 , 0.842832, 0.087400,
catb087aa0e2_0000_cl_2.wav,Cl 2,Cl 2, 0.064456 , 0.864742, 0.070802,
catb1114e4f0_0000_cl_2.wav,Cl 2,Cl 3, 0.068210 , 0.019094, 0.912696,
catb14260032_0000_cl_2.wav,Cl 2,Cl 2, 0.011557 , 0.912399, 0.076044,
catb1df80c00_0000_cl_2.wav,Cl 2,Cl 2, 0.003974 , 0.983994, 0.012031,
catb1df80c01_0000_cl_2.wav,Cl 2,Cl 2, 0.005077 , 0.985201, 0.009722,
catb25b60650_0000_cl_2.wav,Cl 2,Cl 2, 0.020775 , 0.881041, 0.098184,
catb2e2773a0_0000_cl_2.wav,Cl 2,Cl 3, 0.033044 , 0.468096, 0.498861,
catb33276751_0000_cl_2.wav,Cl 2,Cl 2, 0.015043 , 0.953556, 0.031401,
catb33276752_0000_cl_2.wav,Cl 2,Cl 2, 0.019042 , 0.673803, 0.307155,
catb36c27c20_0000_cl_2.wav,Cl 2,Cl 2, 0.002427 , 0.986187, 0.011386,
catb3849d6e0_0000_cl_2.wav,Cl 2,Cl 2, 0.022311 , 0.752059, 0.225630,
catb43de7000_0000_cl_2.wav,Cl 2,Cl 2, 0.000051 , 0.999490, 0.000459,
catb59fe16d1_0000_cl_2.wav,Cl 2,Cl 2, 0.005098 , 0.949234, 0.045668,
catb63fea9e0_0000_cl_2.wav,Cl 2,Cl 2, 0.000799 , 0.995742, 0.003459,
catb63fea9e1_0000_cl_2.wav,Cl 2,Cl 2, 0.001090 , 0.993104, 0.005805,
catb65f60151_0000_cl_2.wav,Cl 2,Cl 3, 0.092059 , 0.352877, 0.555064,
catb76698041_0000_cl_2.wav,Cl 2,Cl 2, 0.028280 , 0.810764, 0.160956,
catb93528e30_0000_cl_2.wav,Cl 2,Cl 2, 0.001014 , 0.988720, 0.010266,
catb97c9f770_0000_cl_2.wav,Cl 2,Cl 2, 0.000648 , 0.996949, 0.002402,
catb9cccd010_0000_cl_2.wav,Cl 2,Cl 2, 0.000637 , 0.991844, 0.007519,
catb9f467370_0000_cl_2.wav,Cl 2,Cl 3, 0.165170 , 0.132384, 0.702446,
catbaf01c1f0_0000_cl_2.wav,Cl 2,Cl 2, 0.000401 , 0.998076, 0.001523,
catbc196f810_0000_cl_2.wav,Cl 2,Cl 3, 0.062536 , 0.075245, 0.862219,
catbca567960_0000_cl_2.wav,Cl 2,Cl 2, 0.018429 , 0.922150, 0.059421,
catbd2db1a50_0000_cl_2.wav,Cl 2,Cl 2, 0.001578 , 0.994208, 0.004214,
catbe7a5b2d0_0000_cl_2.wav,Cl 2,Cl 2, 0.022275 , 0.878717, 0.099008,
catbf4af1af0_0000_cl_2.wav,Cl 2,Cl 2, 0.013481 , 0.922120, 0.064400,
catbfa637510_0000_cl_2.wav,Cl 2,Cl 2, 0.004959 , 0.980047, 0.014994,
catbfaf20000_0000_cl_2.wav,Cl 2,Cl 2, 0.001873 , 0.992842, 0.005285,
catbfdb98010_0000_cl_2.wav,Cl 2,Cl 2, 0.010748 , 0.549890, 0.439361,
catc08e50580_0000_cl_2.wav,Cl 2,Cl 2, 0.076822 , 0.787219, 0.135958,
catc0fb68121_0000_cl_2.wav,Cl 2,Cl 2, 0.056032 , 0.769409, 0.174559,
catc103a2d50_0000_cl_2.wav,Cl 2,Cl 2, 0.017043 , 0.559397, 0.423561,
catc137814b0_0000_cl_2.wav,Cl 2,Cl 3, 0.037101 , 0.409462, 0.553437,
catc22d3f180_0000_cl_2.wav,Cl 2,Cl 2, 0.005060 , 0.619514, 0.375426,
catc45007130_0000_cl_2.wav,Cl 2,Cl 2, 0.015804 , 0.883331, 0.100864,
catc518d1b10_0000_cl_2.wav,Cl 2,Cl 2, 0.002720 , 0.991236, 0.006044,
catc578beb00_0000_cl_2.wav,Cl 2,Cl 2, 0.010813 , 0.624624, 0.364563,
catc578beb01_0000_cl_2.wav,Cl 2,Cl 2, 0.003984 , 0.981382, 0.014634,
catc634a1890_0000_cl_2.wav,Cl 2,Cl 2, 0.001618 , 0.979504, 0.018878,
catc68cf2000_0000_cl_2.wav,Cl 2,Cl 2, 0.012626 , 0.953838, 0.033536,
catc68cf2001_0000_cl_2.wav,Cl 2,Cl 2, 0.002739 , 0.989848, 0.007413,
catc692524d0_0000_cl_2.wav,Cl 2,Cl 3, 0.292117 , 0.248024, 0.459859,
catc71e3acc1_0000_cl_2.wav,Cl 2,Cl 2, 0.014762 , 0.918749, 0.066489,
catc7aa72e60_0000_cl_2.wav,Cl 2,Cl 2, 0.064230 , 0.480320, 0.455450,
catc86d4fd40_0000_cl_2.wav,Cl 2,Cl 2, 0.019383 , 0.954663, 0.025954,
catcaf9fceb0_0000_cl_2.wav,Cl 2,Cl 2, 0.008382 , 0.976817, 0.014801,
catcaf9fceb1_0000_cl_2.wav,Cl 2,Cl 2, 0.072248 , 0.716634, 0.211118,
catcc2f1a850_0000_cl_2.wav,Cl 2,Cl 2, 0.002393 , 0.944873, 0.052734,
catcd7f8c1b0_0000_cl_2.wav,Cl 2,Cl 2, 0.045899 , 0.847754, 0.106347,
catced4e2a10_0000_cl_2.wav,Cl 2,Cl 2, 0.004522 , 0.958905, 0.036573,
catcfde27ba0_0000_cl_2.wav,Cl 2,Cl 2, 0.004317 , 0.924171, 0.071512,
catd0426d631_0000_cl_2.wav,Cl 2,Cl 2, 0.008061 , 0.964918, 0.027021,
catd0426d632_0000_cl_2.wav,Cl 2,Cl 2, 0.009621 , 0.891446, 0.098933,
catd107dc421_0000_cl_2.wav,Cl 2,Cl 2, 0.069194 , 0.502233, 0.428573,
catd197e3ae0_0000_cl_2.wav,Cl 2,Cl 2, 0.005767 , 0.949935, 0.044298,
catd3a182570_0000_cl_2.wav,Cl 2,Cl 2, 0.001121 , 0.936549, 0.062330,
catd3f22f0e0_0000_cl_2.wav,Cl 2,Cl 2, 0.000662 , 0.993279, 0.006059,
catd4d898d70_0000_cl_2.wav,Cl 2,Cl 2, 0.001586 , 0.990608, 0.007807,
catd6360b320_0000_cl_2.wav,Cl 2,Cl 1, 0.970849 , 0.012133, 0.017018,
catd74673921_0000_cl_2.wav,Cl 2,Cl 2, 0.009471 , 0.956804, 0.033726,
catd78858d90_0000_cl_2.wav,Cl 2,Cl 2, 0.069269 , 0.486085, 0.444646,
catd7a587140_0000_cl_2.wav,Cl 2,Cl 2, 0.008567 , 0.898123, 0.093310,
catd8a5ace50_0000_cl_2.wav,Cl 2,Cl 2, 0.034403 , 0.930170, 0.035427,
catd8a5ace52_0000_cl_2.wav,Cl 2,Cl 2, 0.038143 , 0.705917, 0.255941,
catd933bf5e3_0000_cl_2.wav,Cl 2,Cl 2, 0.008700 , 0.932878, 0.058422,
catd9ae89831_0000_cl_2.wav,Cl 2,Cl 2, 0.004396 , 0.930323, 0.065281,
catda584bc00_0000_cl_2.wav,Cl 2,Cl 3, 0.029966 , 0.289381, 0.680652,
catdb43cd032_0000_cl_2.wav,Cl 2,Cl 2, 0.013570 , 0.691404, 0.295026,
catdb7c95b00_0000_cl_2.wav,Cl 2,Cl 2, 0.008034 , 0.828928, 0.163037,
catdb9d52d20_0000_cl_2.wav,Cl 2,Cl 2, 0.002835 , 0.976142, 0.021023,
catdbb40d240_0000_cl_2.wav,Cl 2,Cl 2, 0.096876 , 0.608197, 0.294927,
catdc2222d71_0000_cl_2.wav,Cl 2,Cl 2, 0.006514 , 0.922848, 0.070638,
catdd0867760_0000_cl_2.wav,Cl 2,Cl 2, 0.007111 , 0.975376, 0.017514,
catde08912f0_0000_cl_2.wav,Cl 2,Cl 2, 0.012939 , 0.960966, 0.026095,
cate0315cf60_0000_cl_2.wav,Cl 2,Cl 3, 0.002340 , 0.215101, 0.782560,
cate0a7c5a00_0000_cl_2.wav,Cl 2,Cl 2, 0.011723 , 0.929263, 0.059014,
cate0ff1e9c0_0000_cl_2.wav,Cl 2,Cl 2, 0.026554 , 0.845420, 0.128026,
cate10e2cbb0_0000_cl_2.wav,Cl 2,Cl 2, 0.002217 , 0.993482, 0.004302,
cate2008f390_0000_cl_2.wav,Cl 2,Cl 2, 0.001448 , 0.987538, 0.011014,
cate2008f391_0000_cl_2.wav,Cl 2,Cl 2, 0.005631 , 0.975149, 0.019220,
cate2286c180_0000_cl_2.wav,Cl 2,Cl 2, 0.001953 , 0.993781, 0.004267,
cate23621670_0000_cl_2.wav,Cl 2,Cl 2, 0.000839 , 0.996631, 0.002529,
cate34119311_0000_cl_2.wav,Cl 2,Cl 2, 0.003816 , 0.978982, 0.017201,
cate3b642170_0000_cl_2.wav,Cl 2,Cl 2, 0.001705 , 0.987925, 0.010370,
cate41a903b0_0000_cl_2.wav,Cl 2,Cl 2, 0.017208 , 0.877474, 0.105317,
cate42005160_0000_cl_2.wav,Cl 2,Cl 2, 0.001721 , 0.992140, 0.006140,
cate649aa920_0000_cl_2.wav,Cl 2,Cl 2, 0.030428 , 0.890677, 0.078894,
cate652590d0_0000_cl_2.wav,Cl 2,Cl 2, 0.006854 , 0.778046, 0.215100,
cate7117d000_0000_cl_2.wav,Cl 2,Cl 2, 0.000106 , 0.999390, 0.000503,
cate91d173e0_0000_cl_2.wav,Cl 2,Cl 2, 0.001880 , 0.992569, 0.005550,
cate99d36c80_0000_cl_2.wav,Cl 2,Cl 2, 0.002911 , 0.987032, 0.010057,
catea1f888c1_0000_cl_2.wav,Cl 2,Cl 2, 0.067432 , 0.751622, 0.180946,
catea3569190_0000_cl_2.wav,Cl 2,Cl 2, 0.006628 , 0.967772, 0.025601,
cateb67fcbc2_0000_cl_2.wav,Cl 2,Cl 2, 0.002365 , 0.976225, 0.021411,
cateb6dab4a0_0000_cl_2.wav,Cl 2,Cl 2, 0.003560 , 0.942358, 0.054082,
cateb76bc681_0000_cl_2.wav,Cl 2,Cl 2, 0.005519 , 0.930241, 0.064240,
cated3c2d051_0000_cl_2.wav,Cl 2,Cl 2, 0.012049 , 0.970835, 0.017116,
catee4a907f0_0000_cl_2.wav,Cl 2,Cl 2, 0.019950 , 0.846040, 0.134011,
catef2a3cfb0_0000_cl_2.wav,Cl 2,Cl 2, 0.002810 , 0.983490, 0.013700,
catefa16ffd0_0000_cl_2.wav,Cl 2,Cl 2, 0.011779 , 0.943069, 0.045152,
catf0ebef1b0_0000_cl_2.wav,Cl 2,Cl 2, 0.056867 , 0.924516, 0.018618,
catf15a354c0_0000_cl_2.wav,Cl 2,Cl 2, 0.000834 , 0.946008, 0.053158,
catf174517e0_0000_cl_2.wav,Cl 2,Cl 2, 0.025542 , 0.818347, 0.156111,
catf19c13900_0000_cl_2.wav,Cl 2,Cl 2, 0.001379 , 0.992563, 0.006058,
catf19d17380_0000_cl_2.wav,Cl 2,Cl 2, 0.013162 , 0.543679, 0.443159,
catf19d17381_0000_cl_2.wav,Cl 2,Cl 2, 0.002236 , 0.990779, 0.006985,
catf216055e1_0000_cl_2.wav,Cl 2,Cl 2, 0.038477 , 0.860883, 0.100639,
catf292725f0_0000_cl_2.wav,Cl 2,Cl 2, 0.039450 , 0.819973, 0.140576,
catf2b8fc180_0000_cl_2.wav,Cl 2,Cl 2, 0.000536 , 0.995523, 0.003941,
catf2b8fc181_0000_cl_2.wav,Cl 2,Cl 2, 0.017400 , 0.871000, 0.111600,
catf47d644e0_0000_cl_2.wav,Cl 2,Cl 2, 0.004992 , 0.936248, 0.058760,
catf7b435630_0000_cl_2.wav,Cl 2,Cl 2, 0.005662 , 0.982657, 0.011681,
catf8ad39410_0000_cl_2.wav,Cl 2,Cl 2, 0.003279 , 0.971709, 0.025012,
catf8f60f590_0000_cl_2.wav,Cl 2,Cl 3, 0.129860 , 0.226735, 0.643404,
catf9318c930_0000_cl_2.wav,Cl 2,Cl 2, 0.004696 , 0.992069, 0.003235,
catfb495c430_0000_cl_2.wav,Cl 2,Cl 2, 0.006540 , 0.748991, 0.244468,
catfbdc07bb0_0000_cl_2.wav,Cl 2,Cl 2, 0.022523 , 0.619260, 0.358217,
catfe1916ba0_0000_cl_2.wav,Cl 2,Cl 2, 0.004844 , 0.986095, 0.009060,
catfe5c4a7a0_0000_cl_2.wav,Cl 2,Cl 1, 0.606829 , 0.298999, 0.094172,
catfe5c4a7a3_0000_cl_2.wav,Cl 2,Cl 2, 0.124309 , 0.757858, 0.117833,
catff21fb591_0000_cl_2.wav,Cl 2,Cl 2, 0.013800 , 0.885512, 0.100688,
other019fa3661_0000_cl_3.wav,Cl 3,Cl 3, 0.022583 , 0.000044, 0.977372,
other02e85b600_0000_cl_3.wav,Cl 3,Cl 3, 0.020577 , 0.108047, 0.871376,
other02e85b601_0000_cl_3.wav,Cl 3,Cl 3, 0.020081 , 0.051597, 0.928322,
other030ec18b0_0000_cl_3.wav,Cl 3,Cl 3, 0.001121 , 0.005256, 0.993623,
other0362539c3_0000_cl_3.wav,Cl 3,Cl 3, 0.035558 , 0.002807, 0.961634,
other037c445a0_0000_cl_3.wav,Cl 3,Cl 3, 0.000913 , 0.005540, 0.993546,
other037c445a1_0000_cl_3.wav,Cl 3,Cl 3, 0.176402 , 0.386476, 0.437123,
other0397ecda3_0000_cl_3.wav,Cl 3,Cl 3, 0.036592 , 0.000176, 0.963233,
other03cf93b12_0000_cl_3.wav,Cl 3,Cl 3, 0.267495 , 0.258651, 0.473854,
other057394500_0000_cl_3.wav,Cl 3,Cl 3, 0.000885 , 0.000723, 0.998392,
other05d188521_0000_cl_3.wav,Cl 3,Cl 3, 0.094173 , 0.060595, 0.845232,
other069ab0d50_0000_cl_3.wav,Cl 3,Cl 3, 0.001575 , 0.002080, 0.996345,
other070b49af2_0000_cl_3.wav,Cl 3,Cl 3, 0.022297 , 0.202796, 0.774907,
other073636070_0000_cl_3.wav,Cl 3,Cl 3, 0.053147 , 0.084739, 0.862114,
other0819edb01_0000_cl_3.wav,Cl 3,Cl 3, 0.001070 , 0.018185, 0.980745,
other095847e42_0000_cl_3.wav,Cl 3,Cl 3, 0.001993 , 0.006719, 0.991288,
other0a7c2a8d0_0000_cl_3.wav,Cl 3,Cl 3, 0.000506 , 0.000925, 0.998569,
other0a7c2a8d1_0000_cl_3.wav,Cl 3,Cl 3, 0.003307 , 0.050197, 0.946496,
other0b09edd31_0000_cl_3.wav,Cl 3,Cl 3, 0.004375 , 0.093073, 0.902552,
other0c40e7150_0000_cl_3.wav,Cl 3,Cl 3, 0.013871 , 0.035441, 0.950688,
other0c40e7151_0000_cl_3.wav,Cl 3,Cl 3, 0.010669 , 0.060570, 0.928761,
other0cd323ec0_0000_cl_3.wav,Cl 3,Cl 3, 0.030165 , 0.004879, 0.964956,
other0e17f5950_0000_cl_3.wav,Cl 3,Cl 3, 0.002627 , 0.000077, 0.997296,
other0fa1e7a90_0000_cl_3.wav,Cl 3,Cl 3, 0.045843 , 0.072504, 0.881653,
other102192fd1_0000_cl_3.wav,Cl 3,Cl 3, 0.001913 , 0.000024, 0.998063,
other10467b060_0000_cl_3.wav,Cl 3,Cl 3, 0.094405 , 0.018100, 0.887496,
other106a61832_0000_cl_3.wav,Cl 3,Cl 3, 0.071256 , 0.089209, 0.839535,
other106a61833_0000_cl_3.wav,Cl 3,Cl 3, 0.126178 , 0.060541, 0.813282,
other13199b793_0000_cl_3.wav,Cl 3,Cl 3, 0.059704 , 0.089418, 0.850879,
other1338a7990_0000_cl_3.wav,Cl 3,Cl 3, 0.286110 , 0.000018, 0.713872,
other13d7b8c92_0000_cl_3.wav,Cl 3,Cl 3, 0.196890 , 0.000015, 0.803095,
other15b0c9472_0000_cl_3.wav,Cl 3,Cl 3, 0.013973 , 0.028266, 0.957761,
other15d83b541_0000_cl_3.wav,Cl 3,Cl 3, 0.001234 , 0.027347, 0.971420,
other161fcca81_0000_cl_3.wav,Cl 3,Cl 3, 0.120796 , 0.000486, 0.878717,
other1678e6f10_0000_cl_3.wav,Cl 3,Cl 3, 0.207495 , 0.194666, 0.597839,
other171b56dc1_0000_cl_3.wav,Cl 3,Cl 3, 0.021430 , 0.074603, 0.903967,
other172dc2b02_0000_cl_3.wav,Cl 3,Cl 3, 0.129044 , 0.005515, 0.865441,
other179a61b72_0000_cl_3.wav,Cl 3,Cl 3, 0.007183 , 0.001747, 0.991071,
other17c94b231_0000_cl_3.wav,Cl 3,Cl 3, 0.004501 , 0.001659, 0.993839,
other190821dc1_0000_cl_3.wav,Cl 3,Cl 3, 0.000685 , 0.002946, 0.996369,
other190821dc2_0000_cl_3.wav,Cl 3,Cl 3, 0.012951 , 0.002447, 0.984602,
other19785c4e1_0000_cl_3.wav,Cl 3,Cl 3, 0.000103 , 0.001110, 0.998787,
other1a6eca980_0000_cl_3.wav,Cl 3,Cl 3, 0.026009 , 0.005986, 0.968005,
other1a6eca981_0000_cl_3.wav,Cl 3,Cl 3, 0.082996 , 0.009842, 0.907162,
other1c1060b12_0000_cl_3.wav,Cl 3,Cl 3, 0.033053 , 0.001776, 0.965171,
other1c3f4fac1_0000_cl_3.wav,Cl 3,Cl 3, 0.000617 , 0.000120, 0.999262,
other1c45ceb22_0000_cl_3.wav,Cl 3,Cl 3, 0.004455 , 0.006174, 0.989370,
other1df99a8a1_0000_cl_3.wav,Cl 3,Cl 3, 0.000927 , 0.003529, 0.995544,
other1e412fac1_0000_cl_3.wav,Cl 3,Cl 3, 0.004462 , 0.000002, 0.995536,
other1eddce1d0_0000_cl_3.wav,Cl 3,Cl 3, 0.063178 , 0.294981, 0.641841,
other213073441_0000_cl_3.wav,Cl 3,Cl 3, 0.070731 , 0.032705, 0.896564,
other214ccb201_0000_cl_3.wav,Cl 3,Cl 3, 0.008739 , 0.001652, 0.989609,
other2197f41c0_0000_cl_3.wav,Cl 3,Cl 3, 0.000208 , 0.011217, 0.988575,
other2197f41c1_0000_cl_3.wav,Cl 3,Cl 3, 0.001878 , 0.007253, 0.990869,
other229978fd1_0000_cl_3.wav,Cl 3,Cl 3, 0.035970 , 0.366331, 0.597699,
other234ab0fb0_0000_cl_3.wav,Cl 3,Cl 3, 0.005647 , 0.021612, 0.972742,
other238c112c0_0000_cl_3.wav,Cl 3,Cl 3, 0.001047 , 0.000729, 0.998224,
other23ad12d80_0000_cl_3.wav,Cl 3,Cl 3, 0.013840 , 0.066397, 0.919763,
other23ad12d81_0000_cl_3.wav,Cl 3,Cl 3, 0.024344 , 0.014555, 0.961101,
other24c9f5721_0000_cl_3.wav,Cl 3,Cl 3, 0.004306 , 0.087621, 0.908073,
other2579e5142_0000_cl_3.wav,Cl 3,Cl 3, 0.016139 , 0.039177, 0.944684,
other258f45590_0000_cl_3.wav,Cl 3,Cl 3, 0.000079 , 0.000087, 0.999834,
other29fb33da0_0000_cl_3.wav,Cl 3,Cl 3, 0.002546 , 0.000305, 0.997149,
other29fb33da4_0000_cl_3.wav,Cl 3,Cl 3, 0.101987 , 0.073276, 0.824737,
other2bdbe5f71_0000_cl_3.wav,Cl 3,Cl 3, 0.001619 , 0.001018, 0.997364,
other2c7c33e80_0000_cl_3.wav,Cl 3,Cl 3, 0.000269 , 0.000215, 0.999515,
other2cec1d471_0000_cl_3.wav,Cl 3,Cl 3, 0.098998 , 0.025586, 0.875416,
other2da58b324_0000_cl_3.wav,Cl 3,Cl 3, 0.004348 , 0.024545, 0.971107,
other2f8132340_0000_cl_3.wav,Cl 3,Cl 3, 0.004718 , 0.008130, 0.987152,
other30aabd440_0000_cl_3.wav,Cl 3,Cl 3, 0.002979 , 0.008764, 0.988257,
other30f31e420_0000_cl_3.wav,Cl 3,Cl 2, 0.062830 , 0.679888, 0.257282,
other31270cb20_0000_cl_3.wav,Cl 3,Cl 3, 0.022153 , 0.369624, 0.608223,
other31583d301_0000_cl_3.wav,Cl 3,Cl 3, 0.013664 , 0.000304, 0.986031,
other333784b70_0000_cl_3.wav,Cl 3,Cl 3, 0.000679 , 0.008606, 0.990715,
other3402e4881_0000_cl_3.wav,Cl 3,Cl 3, 0.000684 , 0.007337, 0.991979,
other34881b100_0000_cl_3.wav,Cl 3,Cl 3, 0.001107 , 0.000565, 0.998328,
other34e8c7261_0000_cl_3.wav,Cl 3,Cl 3, 0.016078 , 0.029899, 0.954023,
other35d1b6ee3_0000_cl_3.wav,Cl 3,Cl 3, 0.000197 , 0.000124, 0.999679,
other35d1b6ee4_0000_cl_3.wav,Cl 3,Cl 3, 0.002955 , 0.000095, 0.996949,
other364f979f2_0000_cl_3.wav,Cl 3,Cl 3, 0.004526 , 0.000045, 0.995430,
other365531e20_0000_cl_3.wav,Cl 3,Cl 3, 0.000301 , 0.002939, 0.996760,
other37b03ab11_0000_cl_3.wav,Cl 3,Cl 3, 0.001990 , 0.006587, 0.991423,
other37bd115d1_0000_cl_3.wav,Cl 3,Cl 3, 0.004786 , 0.001072, 0.994142,
other3852fca23_0000_cl_3.wav,Cl 3,Cl 3, 0.007356 , 0.000745, 0.991899,
other39dce8cc1_0000_cl_3.wav,Cl 3,Cl 3, 0.029723 , 0.016480, 0.953798,
other39dce8cc2_0000_cl_3.wav,Cl 3,Cl 3, 0.001759 , 0.000393, 0.997848,
other3a182c982_0000_cl_3.wav,Cl 3,Cl 3, 0.154625 , 0.090681, 0.754694,
other3b7f817e0_0000_cl_3.wav,Cl 3,Cl 3, 0.000115 , 0.000555, 0.999330,
other3b852f6f0_0000_cl_3.wav,Cl 3,Cl 3, 0.002737 , 0.008954, 0.988310,
other3bfd30e62_0000_cl_3.wav,Cl 3,Cl 3, 0.055426 , 0.076757, 0.867817,
other3c1658691_0000_cl_3.wav,Cl 3,Cl 3, 0.332993 , 0.037759, 0.629249,
other3c6d55b30_0000_cl_3.wav,Cl 3,Cl 3, 0.076250 , 0.164874, 0.758876,
other3d9200b90_0000_cl_3.wav,Cl 3,Cl 3, 0.004944 , 0.108675, 0.886380,
other3dfd6c231_0000_cl_3.wav,Cl 3,Cl 3, 0.004282 , 0.003441, 0.992277,
other3e31dffe0_0000_cl_3.wav,Cl 3,Cl 3, 0.003686 , 0.007317, 0.988997,
other3e31dffe2_0000_cl_3.wav,Cl 3,Cl 3, 0.001160 , 0.002073, 0.996767,
other3efa7ec40_0000_cl_3.wav,Cl 3,Cl 3, 0.000058 , 0.000064, 0.999878,
other402e29771_0000_cl_3.wav,Cl 3,Cl 3, 0.056216 , 0.000166, 0.943618,
other409c962a1_0000_cl_3.wav,Cl 3,Cl 3, 0.004504 , 0.027798, 0.967697,
other40b60ae90_0000_cl_3.wav,Cl 3,Cl 3, 0.000175 , 0.002384, 0.997441,
other413997c10_0000_cl_3.wav,Cl 3,Cl 3, 0.001890 , 0.005231, 0.992879,
other413bcfe11_0000_cl_3.wav,Cl 3,Cl 3, 0.127145 , 0.065141, 0.807714,
other422d31972_0000_cl_3.wav,Cl 3,Cl 3, 0.291994 , 0.081282, 0.626724,
other4249c8331_0000_cl_3.wav,Cl 3,Cl 3, 0.006896 , 0.004908, 0.988196,
other4422e51d1_0000_cl_3.wav,Cl 3,Cl 3, 0.002308 , 0.029745, 0.967947,
other44b5720d2_0000_cl_3.wav,Cl 3,Cl 3, 0.181907 , 0.034706, 0.783387,
other459345ea0_0000_cl_3.wav,Cl 3,Cl 2, 0.014398 , 0.671759, 0.313842,
other46a153d81_0000_cl_3.wav,Cl 3,Cl 3, 0.036859 , 0.015914, 0.947228,
other49af44324_0000_cl_3.wav,Cl 3,Cl 3, 0.135743 , 0.175883, 0.688375,
other4a0e2c160_0000_cl_3.wav,Cl 3,Cl 3, 0.001484 , 0.007930, 0.990586,
other4abefdf51_0000_cl_3.wav,Cl 3,Cl 3, 0.012998 , 0.066252, 0.920750,
other4b25f6200_0000_cl_3.wav,Cl 3,Cl 3, 0.000362 , 0.003681, 0.995957,
other4c7c95de1_0000_cl_3.wav,Cl 3,Cl 3, 0.003570 , 0.035278, 0.961152,
other4c7c95de4_0000_cl_3.wav,Cl 3,Cl 3, 0.014001 , 0.086214, 0.899785,
other4c8417711_0000_cl_3.wav,Cl 3,Cl 3, 0.042747 , 0.015893, 0.941361,
other4f2ab70c0_0000_cl_3.wav,Cl 3,Cl 3, 0.213548 , 0.039465, 0.746987,
other4f2be90f1_0000_cl_3.wav,Cl 3,Cl 3, 0.002847 , 0.002470, 0.994683,
other4f5c0b282_0000_cl_3.wav,Cl 3,Cl 3, 0.002344 , 0.006656, 0.991000,
other50a7d4060_0000_cl_3.wav,Cl 3,Cl 3, 0.003351 , 0.005720, 0.990929,
other50ed8a7b2_0000_cl_3.wav,Cl 3,Cl 3, 0.000600 , 0.000101, 0.999300,
other51055bda3_0000_cl_3.wav,Cl 3,Cl 3, 0.059871 , 0.469074, 0.471055,
other512dc91a0_0000_cl_3.wav,Cl 3,Cl 3, 0.056415 , 0.148959, 0.794626,
other51eefcc60_0000_cl_3.wav,Cl 3,Cl 3, 0.001308 , 0.001068, 0.997623,
other51eefcc61_0000_cl_3.wav,Cl 3,Cl 3, 0.009407 , 0.000055, 0.990538,
other57b683830_0000_cl_3.wav,Cl 3,Cl 3, 0.110701 , 0.022376, 0.866923,
other57b683831_0000_cl_3.wav,Cl 3,Cl 3, 0.005585 , 0.002295, 0.992120,
other57cb35750_0000_cl_3.wav,Cl 3,Cl 3, 0.004511 , 0.000273, 0.995216,
other59c3a7f20_0000_cl_3.wav,Cl 3,Cl 3, 0.003614 , 0.018961, 0.977425,
other5a0bc9870_0000_cl_3.wav,Cl 3,Cl 3, 0.000008 , 0.000035, 0.999957,
other5a3712c90_0000_cl_3.wav,Cl 3,Cl 3, 0.019796 , 0.012472, 0.967732,
other5b09db891_0000_cl_3.wav,Cl 3,Cl 3, 0.001411 , 0.000160, 0.998429,
other5b09db893_0000_cl_3.wav,Cl 3,Cl 3, 0.001939 , 0.000424, 0.997637,
other611d2b500_0000_cl_3.wav,Cl 3,Cl 3, 0.040901 , 0.004268, 0.954831,
other617de2213_0000_cl_3.wav,Cl 3,Cl 3, 0.000586 , 0.000060, 0.999355,
other626e323f0_0000_cl_3.wav,Cl 3,Cl 3, 0.001276 , 0.013565, 0.985159,
other626e323f1_0000_cl_3.wav,Cl 3,Cl 3, 0.003299 , 0.025425, 0.971276,
other6272b2311_0000_cl_3.wav,Cl 3,Cl 3, 0.039881 , 0.109384, 0.850735,
other64574a990_0000_cl_3.wav,Cl 3,Cl 3, 0.134606 , 0.030573, 0.834821,
other653a48f50_0000_cl_3.wav,Cl 3,Cl 3, 0.000018 , 0.001124, 0.998858,
other667745790_0000_cl_3.wav,Cl 3,Cl 3, 0.023362 , 0.000260, 0.976378,
other66aa0f290_0000_cl_3.wav,Cl 3,Cl 3, 0.111905 , 0.003812, 0.884283,
other6794a7931_0000_cl_3.wav,Cl 3,Cl 3, 0.000729 , 0.006920, 0.992352,
other6889b21f0_0000_cl_3.wav,Cl 3,Cl 3, 0.020333 , 0.048910, 0.930756,
other6a861f210_0000_cl_3.wav,Cl 3,Cl 3, 0.000186 , 0.000006, 0.999808,
other6c2dd2d51_0000_cl_3.wav,Cl 3,Cl 3, 0.214107 , 0.320813, 0.465081,
other6ceeb9aa3_0000_cl_3.wav,Cl 3,Cl 3, 0.000908 , 0.001220, 0.997872,
other6e8b9b7b0_0000_cl_3.wav,Cl 3,Cl 3, 0.004860 , 0.011115, 0.984025,
other6f9088d70_0000_cl_3.wav,Cl 3,Cl 3, 0.029148 , 0.063196, 0.907656,
other6fca237d2_0000_cl_3.wav,Cl 3,Cl 3, 0.000875 , 0.002703, 0.996421,
other7106d2292_0000_cl_3.wav,Cl 3,Cl 3, 0.128279 , 0.006814, 0.864908,
other7117fb6d0_0000_cl_3.wav,Cl 3,Cl 3, 0.020600 , 0.009984, 0.969416,
other71aa5b542_0000_cl_3.wav,Cl 3,Cl 3, 0.003863 , 0.104935, 0.891202,
other71bf8f480_0000_cl_3.wav,Cl 3,Cl 3, 0.004394 , 0.019942, 0.975664,
other71f9bba81_0000_cl_3.wav,Cl 3,Cl 3, 0.024673 , 0.006937, 0.968390,
other7211390b0_0000_cl_3.wav,Cl 3,Cl 3, 0.004317 , 0.022492, 0.973190,
other723204010_0000_cl_3.wav,Cl 3,Cl 3, 0.000032 , 0.000074, 0.999894,
other726382d61_0000_cl_3.wav,Cl 3,Cl 3, 0.000039 , 0.000529, 0.999432,
other72be92020_0000_cl_3.wav,Cl 3,Cl 3, 0.015183 , 0.033768, 0.951049,
other73124b260_0000_cl_3.wav,Cl 3,Cl 3, 0.000109 , 0.004947, 0.994944,
other735845ab2_0000_cl_3.wav,Cl 3,Cl 3, 0.001948 , 0.020020, 0.978032,
other763188c43_0000_cl_3.wav,Cl 3,Cl 3, 0.001061 , 0.000120, 0.998819,
other780302700_0000_cl_3.wav,Cl 3,Cl 3, 0.000200 , 0.008918, 0.990882,
other7910d2923_0000_cl_3.wav,Cl 3,Cl 3, 0.000268 , 0.000497, 0.999235,
other7b2e879e0_0000_cl_3.wav,Cl 3,Cl 3, 0.003612 , 0.019890, 0.976498,
other7bf801d11_0000_cl_3.wav,Cl 3,Cl 3, 0.075059 , 0.000271, 0.924671,
other7e4fa1d80_0000_cl_3.wav,Cl 3,Cl 3, 0.002441 , 0.002517, 0.995042,
other7e556a2c1_0000_cl_3.wav,Cl 3,Cl 2, 0.126105 , 0.561673, 0.312222,
other7ea032f32_0000_cl_3.wav,Cl 3,Cl 3, 0.004335 , 0.000608, 0.995057,
other7fd25f7c4_0000_cl_3.wav,Cl 3,Cl 3, 0.001011 , 0.002313, 0.996676,
other8056e8970_0000_cl_3.wav,Cl 3,Cl 3, 0.000276 , 0.000177, 0.999547,
other824e8ce50_0000_cl_3.wav,Cl 3,Cl 3, 0.006895 , 0.000009, 0.993096,
other825f450d0_0000_cl_3.wav,Cl 3,Cl 3, 0.308487 , 0.330391, 0.361122,
other8442ea621_0000_cl_3.wav,Cl 3,Cl 3, 0.022323 , 0.089450, 0.888227,
other84bf12ff0_0000_cl_3.wav,Cl 3,Cl 3, 0.001057 , 0.034092, 0.964851,
other8601f33b1_0000_cl_3.wav,Cl 3,Cl 3, 0.003305 , 0.019746, 0.976949,
other8625475c0_0000_cl_3.wav,Cl 3,Cl 3, 0.033647 , 0.002009, 0.964343,
other8625475c1_0000_cl_3.wav,Cl 3,Cl 3, 0.063125 , 0.000073, 0.936801,
other863880b71_0000_cl_3.wav,Cl 3,Cl 3, 0.444235 , 0.001563, 0.554202,
other866482610_0000_cl_3.wav,Cl 3,Cl 3, 0.003300 , 0.153699, 0.843001,
other866482614_0000_cl_3.wav,Cl 3,Cl 3, 0.001071 , 0.027498, 0.971431,
other86cb59b20_0000_cl_3.wav,Cl 3,Cl 3, 0.000271 , 0.000268, 0.999461,
other87014d400_0000_cl_3.wav,Cl 3,Cl 3, 0.115961 , 0.045484, 0.838554,
other8781f4c10_0000_cl_3.wav,Cl 3,Cl 3, 0.016158 , 0.025187, 0.958656,
other8781f4c11_0000_cl_3.wav,Cl 3,Cl 3, 0.009387 , 0.008415, 0.982198,
other8931f4941_0000_cl_3.wav,Cl 3,Cl 3, 0.000463 , 0.010264, 0.989273,
other89f3ab7d2_0000_cl_3.wav,Cl 3,Cl 3, 0.000004 , 0.000005, 0.999991,
other89f680f30_0000_cl_3.wav,Cl 3,Cl 3, 0.005661 , 0.046001, 0.948338,
other8a1c449e1_0000_cl_3.wav,Cl 3,Cl 3, 0.001486 , 0.011089, 0.987425,
other8a3257490_0000_cl_3.wav,Cl 3,Cl 3, 0.008997 , 0.004202, 0.986801,
other8a56f36e1_0000_cl_3.wav,Cl 3,Cl 3, 0.006105 , 0.322501, 0.671394,
other8a56f36e3_0000_cl_3.wav,Cl 3,Cl 3, 0.007231 , 0.002990, 0.989779,
other8c4854bc1_0000_cl_3.wav,Cl 3,Cl 3, 0.015043 , 0.000190, 0.984767,
other8c7c91682_0000_cl_3.wav,Cl 3,Cl 3, 0.007359 , 0.073454, 0.919187,
other8d4cdc601_0000_cl_3.wav,Cl 3,Cl 2, 0.007332 , 0.943107, 0.049561,
other8dd788d80_0000_cl_3.wav,Cl 3,Cl 3, 0.002013 , 0.001361, 0.996626,
other8eb4a1bf1_0000_cl_3.wav,Cl 3,Cl 3, 0.001869 , 0.000006, 0.998124,
other8eb4a1bf3_0000_cl_3.wav,Cl 3,Cl 3, 0.000282 , 0.001485, 0.998233,
other8f3f252c1_0000_cl_3.wav,Cl 3,Cl 3, 0.011489 , 0.028248, 0.960262,
other8f4c551f4_0000_cl_3.wav,Cl 3,Cl 3, 0.000163 , 0.000299, 0.999538,
other9080f6d32_0000_cl_3.wav,Cl 3,Cl 3, 0.016707 , 0.018772, 0.964521,
other918a24733_0000_cl_3.wav,Cl 3,Cl 3, 0.003067 , 0.001958, 0.994975,
other918a24734_0000_cl_3.wav,Cl 3,Cl 3, 0.007249 , 0.001722, 0.991029,
other91bed2e01_0000_cl_3.wav,Cl 3,Cl 3, 0.182917 , 0.000370, 0.816713,
other92037d730_0000_cl_3.wav,Cl 3,Cl 3, 0.002172 , 0.038771, 0.959057,
other92b0a7350_0000_cl_3.wav,Cl 3,Cl 3, 0.002586 , 0.000369, 0.997045,
other9385508d0_0000_cl_3.wav,Cl 3,Cl 3, 0.038200 , 0.000598, 0.961202,
other94de6a6a2_0000_cl_3.wav,Cl 3,Cl 3, 0.001079 , 0.001989, 0.996932,
other9587481f2_0000_cl_3.wav,Cl 3,Cl 3, 0.022243 , 0.000410, 0.977347,
other96c66ab71_0000_cl_3.wav,Cl 3,Cl 3, 0.012554 , 0.049837, 0.937609,
other9712cce01_0000_cl_3.wav,Cl 3,Cl 3, 0.024379 , 0.000709, 0.974912,
other97e0c5761_0000_cl_3.wav,Cl 3,Cl 3, 0.040746 , 0.032425, 0.926829,
other97f4c2360_0000_cl_3.wav,Cl 3,Cl 3, 0.000151 , 0.000504, 0.999345,
other98582fee0_0000_cl_3.wav,Cl 3,Cl 3, 0.026328 , 0.038185, 0.935487,
other989a22131_0000_cl_3.wav,Cl 3,Cl 3, 0.001222 , 0.007798, 0.990980,
other997867e70_0000_cl_3.wav,Cl 3,Cl 3, 0.006829 , 0.007457, 0.985714,
other9a69672b3_0000_cl_3.wav,Cl 3,Cl 3, 0.000128 , 0.000062, 0.999811,
other9cde5de81_0000_cl_3.wav,Cl 3,Cl 3, 0.002647 , 0.004133, 0.993221,
other9d8ac38b1_0000_cl_3.wav,Cl 3,Cl 3, 0.000078 , 0.002115, 0.997807,
other9e075bf11_0000_cl_3.wav,Cl 3,Cl 3, 0.010176 , 0.156639, 0.833185,
other9e2ce5e31_0000_cl_3.wav,Cl 3,Cl 3, 0.259633 , 0.111071, 0.629296,
other9e42ae250_0000_cl_3.wav,Cl 3,Cl 3, 0.000060 , 0.000300, 0.999640,
other9ff2d2f40_0000_cl_3.wav,Cl 3,Cl 3, 0.000287 , 0.011984, 0.987729,
othera0a8d7590_0000_cl_3.wav,Cl 3,Cl 3, 0.018313 , 0.004115, 0.977571,
othera1cff7721_0000_cl_3.wav,Cl 3,Cl 3, 0.000127 , 0.001122, 0.998751,
othera1cff7724_0000_cl_3.wav,Cl 3,Cl 3, 0.000356 , 0.002357, 0.997287,
othera2b161131_0000_cl_3.wav,Cl 3,Cl 3, 0.004278 , 0.000037, 0.995685,
othera4c938ce1_0000_cl_3.wav,Cl 3,Cl 3, 0.146039 , 0.079908, 0.774053,
othera5d485dc0_0000_cl_3.wav,Cl 3,Cl 3, 0.000531 , 0.000949, 0.998520,
othera60a09cf0_0000_cl_3.wav,Cl 3,Cl 3, 0.002379 , 0.002115, 0.995506,
othera6d586b70_0000_cl_3.wav,Cl 3,Cl 3, 0.001975 , 0.168179, 0.829846,
othera6d586b71_0000_cl_3.wav,Cl 3,Cl 3, 0.000257 , 0.008443, 0.991301,
othera74f39170_0000_cl_3.wav,Cl 3,Cl 3, 0.002019 , 0.223927, 0.774054,
othera759efbc2_0000_cl_3.wav,Cl 3,Cl 3, 0.004355 , 0.098164, 0.897481,
othera827e3a10_0000_cl_3.wav,Cl 3,Cl 3, 0.000101 , 0.008335, 0.991565,
othera8cb6dda1_0000_cl_3.wav,Cl 3,Cl 3, 0.000206 , 0.000030, 0.999764,
othera9b574b30_0000_cl_3.wav,Cl 3,Cl 3, 0.000136 , 0.001764, 0.998100,
othera9f38bae1_0000_cl_3.wav,Cl 3,Cl 3, 0.005209 , 0.001686, 0.993106,
otheraac5b7c10_0000_cl_3.wav,Cl 3,Cl 3, 0.304455 , 0.000205, 0.695340,
otherab00c4b20_0000_cl_3.wav,Cl 3,Cl 3, 0.000234 , 0.000009, 0.999757,
otherab5b211a3_0000_cl_3.wav,Cl 3,Cl 3, 0.126551 , 0.203936, 0.669513,
otherab71c9a72_0000_cl_3.wav,Cl 3,Cl 3, 0.097196 , 0.020299, 0.882505,
otherac4b3fc31_0000_cl_3.wav,Cl 3,Cl 3, 0.004386 , 0.008019, 0.987595,
otherafd533891_0000_cl_3.wav,Cl 3,Cl 3, 0.000125 , 0.000443, 0.999432,
otheraff582a11_0000_cl_3.wav,Cl 3,Cl 3, 0.097515 , 0.001645, 0.900840,
otherb06c19b01_0000_cl_3.wav,Cl 3,Cl 3, 0.000936 , 0.003204, 0.995860,
otherb0c0197e2_0000_cl_3.wav,Cl 3,Cl 2, 0.055794 , 0.662711, 0.281495,
otherb11a05d20_0000_cl_3.wav,Cl 3,Cl 3, 0.000559 , 0.001506, 0.997935,
otherb15fc37d0_0000_cl_3.wav,Cl 3,Cl 3, 0.008898 , 0.089632, 0.901470,
otherb25b60653_0000_cl_3.wav,Cl 3,Cl 3, 0.001181 , 0.004706, 0.994112,
otherb3bdded51_0000_cl_3.wav,Cl 3,Cl 3, 0.027962 , 0.000063, 0.971974,
otherb4aa9fef0_0000_cl_3.wav,Cl 3,Cl 3, 0.050161 , 0.048597, 0.901242,
otherb55a09be1_0000_cl_3.wav,Cl 3,Cl 3, 0.005159 , 0.008970, 0.985870,
otherb665723d0_0000_cl_3.wav,Cl 3,Cl 2, 0.088175 , 0.472441, 0.439384,
otherb8b8cb521_0000_cl_3.wav,Cl 3,Cl 3, 0.003088 , 0.023184, 0.973728,
otherb9db6e421_0000_cl_3.wav,Cl 3,Cl 3, 0.006692 , 0.046698, 0.946610,
otherbab364204_0000_cl_3.wav,Cl 3,Cl 3, 0.003996 , 0.000258, 0.995747,
otherbbbf4fbd1_0000_cl_3.wav,Cl 3,Cl 2, 0.185606 , 0.430251, 0.384143,
otherbd11c6541_0000_cl_3.wav,Cl 3,Cl 3, 0.035298 , 0.082380, 0.882322,
otherbe7fa0a30_0000_cl_3.wav,Cl 3,Cl 3, 0.001975 , 0.365462, 0.632563,
otherbed06fac1_0000_cl_3.wav,Cl 3,Cl 3, 0.168439 , 0.108665, 0.722895,
otherbf8d56170_0000_cl_3.wav,Cl 3,Cl 3, 0.003612 , 0.001044, 0.995345,
otherc04456580_0000_cl_3.wav,Cl 3,Cl 3, 0.000632 , 0.033435, 0.965933,
otherc04456582_0000_cl_3.wav,Cl 3,Cl 3, 0.002251 , 0.000024, 0.997724,
otherc08585c10_0000_cl_3.wav,Cl 3,Cl 3, 0.005575 , 0.031598, 0.962828,
otherc120e80e1_0000_cl_3.wav,Cl 3,Cl 3, 0.042209 , 0.005050, 0.952742,
otherc1eebc0b0_0000_cl_3.wav,Cl 3,Cl 3, 0.001196 , 0.001459, 0.997345,
otherc22d3f182_0000_cl_3.wav,Cl 3,Cl 3, 0.000753 , 0.000368, 0.998879,
otherc245d3d71_0000_cl_3.wav,Cl 3,Cl 3, 0.002666 , 0.001714, 0.995619,
otherc25a032b0_0000_cl_3.wav,Cl 3,Cl 3, 0.000889 , 0.002918, 0.996193,
otherc2e08f081_0000_cl_3.wav,Cl 3,Cl 3, 0.064694 , 0.110873, 0.824434,
otherc392e01d0_0000_cl_3.wav,Cl 3,Cl 3, 0.051083 , 0.111791, 0.837126,
otherc50225fa1_0000_cl_3.wav,Cl 3,Cl 3, 0.002926 , 0.058679, 0.938395,
otherc578beb01_0000_cl_3.wav,Cl 3,Cl 3, 0.001126 , 0.000998, 0.997875,
otherc692524d0_0000_cl_3.wav,Cl 3,Cl 3, 0.004258 , 0.000015, 0.995728,
otherc7124b730_0000_cl_3.wav,Cl 3,Cl 3, 0.011339 , 0.018390, 0.970272,
otherc79159aa4_0000_cl_3.wav,Cl 3,Cl 3, 0.039705 , 0.017045, 0.943250,
otherc7aa72e60_0000_cl_3.wav,Cl 3,Cl 3, 0.014405 , 0.073481, 0.912114,
otherc7b4049e2_0000_cl_3.wav,Cl 3,Cl 3, 0.016259 , 0.199737, 0.784004,
otherc86d4fd41_0000_cl_3.wav,Cl 3,Cl 3, 0.021581 , 0.031136, 0.947283,
otherc93d5e220_0000_cl_3.wav,Cl 3,Cl 1, 0.429854 , 0.200903, 0.369243,
otherca58a8c61_0000_cl_3.wav,Cl 3,Cl 3, 0.118248 , 0.028067, 0.853685,
othercaa4779f0_0000_cl_3.wav,Cl 3,Cl 3, 0.009713 , 0.004952, 0.985336,
othercaa7feaf0_0000_cl_3.wav,Cl 3,Cl 3, 0.000622 , 0.002219, 0.997159,
othercaedb73a2_0000_cl_3.wav,Cl 3,Cl 3, 0.005796 , 0.000062, 0.994142,
othercaf1803e0_0000_cl_3.wav,Cl 3,Cl 3, 0.004510 , 0.006371, 0.989119,
othercb2929ce1_0000_cl_3.wav,Cl 3,Cl 3, 0.108398 , 0.062570, 0.829031,
othercb8f83071_0000_cl_3.wav,Cl 3,Cl 3, 0.004757 , 0.051732, 0.943511,
othercb8f83076_0000_cl_3.wav,Cl 3,Cl 3, 0.001224 , 0.000858, 0.997918,
othercc2f1a851_0000_cl_3.wav,Cl 3,Cl 3, 0.001793 , 0.005363, 0.992845,
othercc3d16130_0000_cl_3.wav,Cl 3,Cl 3, 0.000949 , 0.030980, 0.968070,
othercdfbbe750_0000_cl_3.wav,Cl 3,Cl 3, 0.000938 , 0.006348, 0.992715,
othercf87b7361_0000_cl_3.wav,Cl 3,Cl 3, 0.006067 , 0.000459, 0.993474,
othercfde27ba0_0000_cl_3.wav,Cl 3,Cl 3, 0.206103 , 0.182885, 0.611012,
otherd1453a872_0000_cl_3.wav,Cl 3,Cl 3, 0.005482 , 0.003043, 0.991475,
otherd2eae23d0_0000_cl_3.wav,Cl 3,Cl 2, 0.329099 , 0.371167, 0.299734,
otherd430b3cc0_0000_cl_3.wav,Cl 3,Cl 3, 0.001053 , 0.020187, 0.978759,
otherd5ca80c60_0000_cl_3.wav,Cl 3,Cl 3, 0.121770 , 0.040672, 0.837558,
otherd6b155a50_0000_cl_3.wav,Cl 3,Cl 3, 0.001337 , 0.003057, 0.995606,
otherd71ad6170_0000_cl_3.wav,Cl 3,Cl 3, 0.049245 , 0.098133, 0.852622,
otherd7559b2d0_0000_cl_3.wav,Cl 3,Cl 3, 0.036608 , 0.285061, 0.678330,
otherd8c523710_0000_cl_3.wav,Cl 3,Cl 3, 0.042828 , 0.015781, 0.941391,
otherd94eb94f0_0000_cl_3.wav,Cl 3,Cl 3, 0.000624 , 0.132638, 0.866738,
otherd952a17e0_0000_cl_3.wav,Cl 3,Cl 3, 0.047024 , 0.273175, 0.679801,
otherdabd70c21_0000_cl_3.wav,Cl 3,Cl 3, 0.000687 , 0.002681, 0.996633,
otherdb9cd41d0_0000_cl_3.wav,Cl 3,Cl 3, 0.062171 , 0.015418, 0.922411,
otherdce5041a0_0000_cl_3.wav,Cl 3,Cl 3, 0.044617 , 0.069441, 0.885942,
otherde41f8951_0000_cl_3.wav,Cl 3,Cl 3, 0.001055 , 0.036013, 0.962932,
othere3e499310_0000_cl_3.wav,Cl 3,Cl 3, 0.004161 , 0.078912, 0.916927,
othere41e41f71_0000_cl_3.wav,Cl 3,Cl 3, 0.015518 , 0.057769, 0.926713,
othere42005160_0000_cl_3.wav,Cl 3,Cl 3, 0.002579 , 0.007076, 0.990345,
othere48a80ed0_0000_cl_3.wav,Cl 3,Cl 2, 0.022261 , 0.748049, 0.229690,
othere4a2cf790_0000_cl_3.wav,Cl 3,Cl 3, 0.005613 , 0.059575, 0.934812,
othere54a0f163_0000_cl_3.wav,Cl 3,Cl 3, 0.002187 , 0.021027, 0.976786,
othere57abea31_0000_cl_3.wav,Cl 3,Cl 3, 0.000875 , 0.001584, 0.997541,
othere57d35bc1_0000_cl_3.wav,Cl 3,Cl 3, 0.057902 , 0.083604, 0.858494,
othere7ea8b763_0000_cl_3.wav,Cl 3,Cl 3, 0.000500 , 0.000749, 0.998751,
othere82914c00_0000_cl_3.wav,Cl 3,Cl 3, 0.003134 , 0.002868, 0.993998,
othere8d562ca0_0000_cl_3.wav,Cl 3,Cl 3, 0.009469 , 0.038090, 0.952440,
otherea1f888c0_0000_cl_3.wav,Cl 3,Cl 3, 0.107231 , 0.071853, 0.820916,
otheread2934a0_0000_cl_3.wav,Cl 3,Cl 3, 0.001747 , 0.001810, 0.996443,
otherec2010201_0000_cl_3.wav,Cl 3,Cl 3, 0.025478 , 0.017973, 0.956549,
otherec21c46b0_0000_cl_3.wav,Cl 3,Cl 3, 0.000943 , 0.000517, 0.998540,
otheredc533501_0000_cl_3.wav,Cl 3,Cl 3, 0.005544 , 0.011443, 0.983012,
othereee5e5411_0000_cl_3.wav,Cl 3,Cl 3, 0.015355 , 0.003855, 0.980790,
otherf19c13902_0000_cl_3.wav,Cl 3,Cl 3, 0.000845 , 0.026160, 0.972995,
otherf19c13903_0000_cl_3.wav,Cl 3,Cl 3, 0.001747 , 0.008811, 0.989442,
otherf2a908861_0000_cl_3.wav,Cl 3,Cl 3, 0.012971 , 0.069060, 0.917969,
otherf4f597432_0000_cl_3.wav,Cl 3,Cl 3, 0.111201 , 0.138845, 0.749955,
otherf54964391_0000_cl_3.wav,Cl 3,Cl 3, 0.004869 , 0.004702, 0.990429,
otherf59d07711_0000_cl_3.wav,Cl 3,Cl 2, 0.131214 , 0.496571, 0.372216,
otherf59d07714_0000_cl_3.wav,Cl 3,Cl 3, 0.152256 , 0.280179, 0.567565,
otherf5d09ebd1_0000_cl_3.wav,Cl 3,Cl 3, 0.045316 , 0.236481, 0.718203,
otherf618568f1_0000_cl_3.wav,Cl 3,Cl 3, 0.034581 , 0.039454, 0.925965,
otherf810e7990_0000_cl_3.wav,Cl 3,Cl 3, 0.110034 , 0.040001, 0.849965,
otherf8ad39410_0000_cl_3.wav,Cl 3,Cl 3, 0.021801 , 0.046511, 0.931688,
otherfad7a69a0_0000_cl_3.wav,Cl 3,Cl 3, 0.004148 , 0.059049, 0.936803,
otherfce654960_0000_cl_3.wav,Cl 3,Cl 2, 0.050903 , 0.507582, 0.441515,
otherfda46b781_0000_cl_3.wav,Cl 3,Cl 3, 0.026378 , 0.059888, 0.913735,
otherfe1916ba0_0000_cl_3.wav,Cl 3,Cl 3, 0.000173 , 0.004179, 0.995648,
otherffa76c4a0_0000_cl_3.wav,Cl 3,Cl 3, 0.005655 , 0.005319, 0.989026,
otherffa76c4a1_0000_cl_3.wav,Cl 3,Cl 3, 0.035081 , 0.123333, 0.841586,
otherffbb695d0_0000_cl_3.wav,Cl 3,Cl 3, 0.002037 , 0.017355, 0.980608,
seven0137b3f40_0000_cl_1.wav,Cl 1,Cl 1, 0.828935 , 0.000021, 0.171044,
seven0137b3f43_0000_cl_1.wav,Cl 1,Cl 1, 0.975411 , 0.000000, 0.024588,
seven022cd6820_0000_cl_1.wav,Cl 1,Cl 1, 0.582498 , 0.004009, 0.413494,
seven023a61ad0_0000_cl_1.wav,Cl 1,Cl 1, 0.994394 , 0.000184, 0.005421,
seven026290a70_0000_cl_1.wav,Cl 1,Cl 1, 0.963797 , 0.000002, 0.036201,
seven02746d240_0000_cl_1.wav,Cl 1,Cl 1, 0.839957 , 0.000274, 0.159769,
seven0474c92a0_0000_cl_1.wav,Cl 1,Cl 1, 0.857808 , 0.011961, 0.130231,
seven06076b6b2_0000_cl_1.wav,Cl 1,Cl 1, 0.989424 , 0.000036, 0.010540,
seven069ab0d50_0000_cl_1.wav,Cl 1,Cl 1, 0.996181 , 0.000230, 0.003589,
seven079d10200_0000_cl_1.wav,Cl 1,Cl 1, 0.996765 , 0.000000, 0.003235,
seven0a0b46ae0_0000_cl_1.wav,Cl 1,Cl 1, 0.990521 , 0.000026, 0.009453,
seven0b40aa8e0_0000_cl_1.wav,Cl 1,Cl 1, 0.932285 , 0.038763, 0.028952,
seven0e17f5950_0000_cl_1.wav,Cl 1,Cl 1, 0.993757 , 0.000001, 0.006242,
seven0ff728b53_0000_cl_1.wav,Cl 1,Cl 1, 0.953511 , 0.000007, 0.046482,
seven106a61834_0000_cl_1.wav,Cl 1,Cl 1, 0.979252 , 0.000247, 0.020500,
seven118261a90_0000_cl_1.wav,Cl 1,Cl 1, 0.995378 , 0.000105, 0.004517,
seven11860c840_0000_cl_1.wav,Cl 1,Cl 1, 0.998491 , 0.000033, 0.001476,
seven122c5aa74_0000_cl_1.wav,Cl 1,Cl 1, 0.998772 , 0.000004, 0.001224,
seven126403d40_0000_cl_1.wav,Cl 1,Cl 1, 0.928081 , 0.000538, 0.071381,
seven126a31d21_0000_cl_1.wav,Cl 1,Cl 1, 0.999859 , 0.000000, 0.000141,
seven140a0fdc0_0000_cl_1.wav,Cl 1,Cl 1, 0.984237 , 0.000461, 0.015302,
seven14872d060_0000_cl_1.wav,Cl 1,Cl 3, 0.339753 , 0.001067, 0.659180,
seven14872d061_0000_cl_1.wav,Cl 1,Cl 1, 0.913780 , 0.000178, 0.086041,
seven15c563d71_0000_cl_1.wav,Cl 1,Cl 1, 0.999272 , 0.000003, 0.000726,
seven15c563d72_0000_cl_1.wav,Cl 1,Cl 1, 0.999704 , 0.000000, 0.000295,
seven179a61b73_0000_cl_1.wav,Cl 1,Cl 1, 0.978630 , 0.000211, 0.021159,
seven17f0e2060_0000_cl_1.wav,Cl 1,Cl 3, 0.263968 , 0.241147, 0.494885,
seven1816b7681_0000_cl_1.wav,Cl 1,Cl 1, 0.817758 , 0.000118, 0.182124,
seven190821dc4_0000_cl_1.wav,Cl 1,Cl 2, 0.107871 , 0.570426, 0.321703,
seven19f9c1150_0000_cl_1.wav,Cl 1,Cl 1, 0.999117 , 0.000000, 0.000883,
seven1b4c9b890_0000_cl_1.wav,Cl 1,Cl 1, 0.999714 , 0.000000, 0.000285,
seven1b4c9b894_0000_cl_1.wav,Cl 1,Cl 3, 0.462377 , 0.003247, 0.534376,
seven1b88bf700_0000_cl_1.wav,Cl 1,Cl 1, 0.988246 , 0.000000, 0.011754,
seven1ba20be20_0000_cl_1.wav,Cl 1,Cl 1, 0.999786 , 0.000000, 0.000214,
seven1c3f50ad0_0000_cl_1.wav,Cl 1,Cl 1, 0.975139 , 0.000928, 0.023932,
seven1d1fe0a00_0000_cl_1.wav,Cl 1,Cl 1, 0.999507 , 0.000000, 0.000493,
seven213073441_0000_cl_1.wav,Cl 1,Cl 1, 0.594519 , 0.061696, 0.343786,
seven218321440_0000_cl_1.wav,Cl 1,Cl 1, 0.973175 , 0.018234, 0.008591,
seven2275edbb0_0000_cl_1.wav,Cl 1,Cl 1, 0.994193 , 0.000000, 0.005807,
seven229978fd2_0000_cl_1.wav,Cl 1,Cl 1, 0.988809 , 0.000215, 0.010976,
seven2313e0931_0000_cl_1.wav,Cl 1,Cl 1, 0.894375 , 0.004901, 0.100724,
seven24b821921_0000_cl_1.wav,Cl 1,Cl 1, 0.998161 , 0.000005, 0.001834,
seven24befdb34_0000_cl_1.wav,Cl 1,Cl 1, 0.919546 , 0.000186, 0.080268,
seven2579e5140_0000_cl_1.wav,Cl 1,Cl 1, 0.886289 , 0.000405, 0.113306,
seven28ce0c580_0000_cl_1.wav,Cl 1,Cl 1, 0.972712 , 0.000004, 0.027284,
seven28ce0c586_0000_cl_1.wav,Cl 1,Cl 1, 0.669839 , 0.023208, 0.306953,
seven28ed6bc90_0000_cl_1.wav,Cl 1,Cl 1, 0.999684 , 0.000002, 0.000314,
seven28ed6bc91_0000_cl_1.wav,Cl 1,Cl 1, 0.997932 , 0.000005, 0.002063,
seven29fb33da1_0000_cl_1.wav,Cl 1,Cl 3, 0.342884 , 0.004049, 0.653068,
seven29fb33da4_0000_cl_1.wav,Cl 1,Cl 1, 0.905882 , 0.000066, 0.094051,
seven2bdbe5f71_0000_cl_1.wav,Cl 1,Cl 1, 0.963625 , 0.000039, 0.036337,
seven2c7c33e80_0000_cl_1.wav,Cl 1,Cl 1, 0.999941 , 0.000000, 0.000058,
seven2d3c8dcb0_0000_cl_1.wav,Cl 1,Cl 1, 0.799204 , 0.014053, 0.186743,
seven2f0a410b0_0000_cl_1.wav,Cl 1,Cl 1, 0.994982 , 0.000432, 0.004586,
seven3006c2710_0000_cl_1.wav,Cl 1,Cl 1, 0.934237 , 0.011158, 0.054606,
seven311fde720_0000_cl_1.wav,Cl 1,Cl 1, 0.998302 , 0.000019, 0.001679,
seven31583d300_0000_cl_1.wav,Cl 1,Cl 1, 0.996884 , 0.000047, 0.003068,
seven324210dd4_0000_cl_1.wav,Cl 1,Cl 1, 0.940444 , 0.004738, 0.054818,
seven333784b73_0000_cl_1.wav,Cl 1,Cl 1, 0.990901 , 0.000084, 0.009015,
seven338dacf51_0000_cl_1.wav,Cl 1,Cl 2, 0.273748 , 0.363968, 0.362284,
seven3411cf4b0_0000_cl_1.wav,Cl 1,Cl 1, 0.997885 , 0.000081, 0.002034,
seven34263ab30_0000_cl_1.wav,Cl 1,Cl 1, 0.994940 , 0.000074, 0.004986,
seven36050ef32_0000_cl_1.wav,Cl 1,Cl 1, 0.982368 , 0.000009, 0.017622,
seven365531e21_0000_cl_1.wav,Cl 1,Cl 1, 0.994975 , 0.000002, 0.005023,
seven36746d7f0_0000_cl_1.wav,Cl 1,Cl 3, 0.031805 , 0.171242, 0.796953,
seven3777c08e0_0000_cl_1.wav,Cl 1,Cl 1, 0.949249 , 0.002103, 0.048648,
seven37dca74f2_0000_cl_1.wav,Cl 1,Cl 1, 0.734313 , 0.005387, 0.260300,
seven37e8db821_0000_cl_1.wav,Cl 1,Cl 1, 0.997773 , 0.000028, 0.002199,
seven380abbad0_0000_cl_1.wav,Cl 1,Cl 1, 0.992309 , 0.000289, 0.007401,
seven3824c00e0_0000_cl_1.wav,Cl 1,Cl 1, 0.972033 , 0.000042, 0.027925,
seven38d783130_0000_cl_1.wav,Cl 1,Cl 1, 0.998527 , 0.000009, 0.001464,
seven3903b5581_0000_cl_1.wav,Cl 1,Cl 1, 0.998728 , 0.000000, 0.001271,
seven39a126482_0000_cl_1.wav,Cl 1,Cl 1, 0.977850 , 0.001092, 0.021058,
seven39a6b9951_0000_cl_1.wav,Cl 1,Cl 1, 0.497924 , 0.147522, 0.354554,
seven39ec87ac0_0000_cl_1.wav,Cl 1,Cl 1, 0.997924 , 0.000098, 0.001978,
seven3bc211612_0000_cl_1.wav,Cl 1,Cl 1, 0.994816 , 0.000075, 0.005108,
seven3bdf05d30_0000_cl_1.wav,Cl 1,Cl 1, 0.990830 , 0.000007, 0.009163,
seven3bdf05d31_0000_cl_1.wav,Cl 1,Cl 1, 0.987715 , 0.000008, 0.012277,
seven3bfd30e60_0000_cl_1.wav,Cl 1,Cl 1, 0.972447 , 0.000221, 0.027331,
seven3bfd30e61_0000_cl_1.wav,Cl 1,Cl 1, 0.993827 , 0.000002, 0.006171,
seven3bfd30e64_0000_cl_1.wav,Cl 1,Cl 1, 0.887128 , 0.008583, 0.104290,
seven3c2571921_0000_cl_1.wav,Cl 1,Cl 1, 0.997769 , 0.000012, 0.002219,
seven3c8836dc0_0000_cl_1.wav,Cl 1,Cl 1, 0.983226 , 0.001091, 0.015683,
seven3cdecb0b1_0000_cl_1.wav,Cl 1,Cl 1, 0.999881 , 0.000000, 0.000119,
seven3d3ddaf80_0000_cl_1.wav,Cl 1,Cl 1, 0.974719 , 0.000009, 0.025272,
seven3d6bee472_0000_cl_1.wav,Cl 1,Cl 1, 0.861942 , 0.000019, 0.138040,
seven41dce6f50_0000_cl_1.wav,Cl 1,Cl 1, 0.999694 , 0.000000, 0.000305,
seven422f8cf10_0000_cl_1.wav,Cl 1,Cl 1, 0.996943 , 0.000037, 0.003020,
seven4290ca610_0000_cl_1.wav,Cl 1,Cl 1, 0.989010 , 0.000097, 0.010893,
seven44c201dd1_0000_cl_1.wav,Cl 1,Cl 1, 0.925452 , 0.003984, 0.070564,
seven44c201dd3_0000_cl_1.wav,Cl 1,Cl 3, 0.405412 , 0.029776, 0.564812,
seven459345ea0_0000_cl_1.wav,Cl 1,Cl 1, 0.894339 , 0.021013, 0.084647,
seven4620dc141_0000_cl_1.wav,Cl 1,Cl 1, 0.977104 , 0.000248, 0.022648,
seven46a153d80_0000_cl_1.wav,Cl 1,Cl 1, 0.682275 , 0.001209, 0.316516,
seven46a153d81_0000_cl_1.wav,Cl 1,Cl 1, 0.877455 , 0.001712, 0.120833,
seven471a09251_0000_cl_1.wav,Cl 1,Cl 1, 0.985585 , 0.000755, 0.013660,
seven479e64cc0_0000_cl_1.wav,Cl 1,Cl 1, 0.963339 , 0.001784, 0.034877,
seven479e64cc1_0000_cl_1.wav,Cl 1,Cl 1, 0.585302 , 0.245768, 0.168930,
seven493392c60_0000_cl_1.wav,Cl 1,Cl 3, 0.273570 , 0.000585, 0.725846,
seven493392c61_0000_cl_1.wav,Cl 1,Cl 3, 0.086708 , 0.011168, 0.902123,
seven493392c62_0000_cl_1.wav,Cl 1,Cl 1, 0.566673 , 0.003216, 0.430111,
seven4954abe80_0000_cl_1.wav,Cl 1,Cl 3, 0.362716 , 0.000189, 0.637095,
seven4a1e736b0_0000_cl_1.wav,Cl 1,Cl 1, 0.994465 , 0.000003, 0.005532,
seven4a1e736b2_0000_cl_1.wav,Cl 1,Cl 1, 0.999420 , 0.000000, 0.000580,
seven4a4e28f11_0000_cl_1.wav,Cl 1,Cl 1, 0.992929 , 0.000025, 0.007046,
seven4bba14ce0_0000_cl_1.wav,Cl 1,Cl 1, 0.980111 , 0.000010, 0.019880,
seven4beff0c51_0000_cl_1.wav,Cl 1,Cl 1, 0.998541 , 0.000044, 0.001415,
seven4c4d25260_0000_cl_1.wav,Cl 1,Cl 1, 0.954269 , 0.005923, 0.039808,
seven4c77947d1_0000_cl_1.wav,Cl 1,Cl 1, 0.991484 , 0.000052, 0.008465,
seven4e8c55160_0000_cl_1.wav,Cl 1,Cl 1, 0.986903 , 0.000009, 0.013088,
seven4ec7d0270_0000_cl_1.wav,Cl 1,Cl 1, 0.998310 , 0.000007, 0.001683,
seven50d1c8e30_0000_cl_1.wav,Cl 1,Cl 1, 0.993599 , 0.000201, 0.006199,
seven51055bda1_0000_cl_1.wav,Cl 1,Cl 1, 0.937115 , 0.001190, 0.061695,
seven530306f50_0000_cl_1.wav,Cl 1,Cl 1, 0.599945 , 0.050271, 0.349784,
seven538e18560_0000_cl_1.wav,Cl 1,Cl 1, 0.816734 , 0.020536, 0.162730,
seven53fd17801_0000_cl_1.wav,Cl 1,Cl 3, 0.286779 , 0.256585, 0.456636,
seven5628d7b70_0000_cl_1.wav,Cl 1,Cl 1, 0.646666 , 0.084313, 0.269021,
seven5628d7b71_0000_cl_1.wav,Cl 1,Cl 1, 0.880305 , 0.056624, 0.063070,
seven5705a0f90_0000_cl_1.wav,Cl 1,Cl 1, 0.987884 , 0.000023, 0.012093,
seven5a9f73242_0000_cl_1.wav,Cl 1,Cl 1, 0.996838 , 0.000000, 0.003162,
seven5af0ca832_0000_cl_1.wav,Cl 1,Cl 1, 0.896151 , 0.000020, 0.103830,
seven5b09db893_0000_cl_1.wav,Cl 1,Cl 1, 0.975359 , 0.000376, 0.024264,
seven5de8f2f02_0000_cl_1.wav,Cl 1,Cl 3, 0.212780 , 0.280952, 0.506267,
seven5e3dde6b3_0000_cl_1.wav,Cl 1,Cl 1, 0.994082 , 0.000104, 0.005814,
seven5fadb5381_0000_cl_1.wav,Cl 1,Cl 1, 0.996028 , 0.000001, 0.003970,
seven6094340e0_0000_cl_1.wav,Cl 1,Cl 1, 0.980061 , 0.000017, 0.019921,
seven6094340e1_0000_cl_1.wav,Cl 1,Cl 1, 0.965962 , 0.000059, 0.033979,
seven611d2b501_0000_cl_1.wav,Cl 1,Cl 3, 0.012515 , 0.080643, 0.906842,
seven617de2213_0000_cl_1.wav,Cl 1,Cl 1, 0.999952 , 0.000000, 0.000048,
seven61a9f72a0_0000_cl_1.wav,Cl 1,Cl 1, 0.876989 , 0.037880, 0.085130,
seven625819011_0000_cl_1.wav,Cl 1,Cl 1, 0.980101 , 0.000494, 0.019405,
seven62641b880_0000_cl_1.wav,Cl 1,Cl 1, 0.963569 , 0.000181, 0.036249,
seven65040d9b0_0000_cl_1.wav,Cl 1,Cl 1, 0.974132 , 0.000187, 0.025681,
seven65c73b550_0000_cl_1.wav,Cl 1,Cl 1, 0.938859 , 0.008638, 0.052503,
seven686d030b3_0000_cl_1.wav,Cl 1,Cl 1, 0.999694 , 0.000000, 0.000306,
seven695c21270_0000_cl_1.wav,Cl 1,Cl 1, 0.964600 , 0.004798, 0.030602,
seven6a203e0e1_0000_cl_1.wav,Cl 1,Cl 1, 0.989285 , 0.000032, 0.010682,
seven6a203e0e2_0000_cl_1.wav,Cl 1,Cl 1, 0.855471 , 0.008296, 0.136232,
seven6a2fb9a50_0000_cl_1.wav,Cl 1,Cl 1, 0.999054 , 0.000002, 0.000944,
seven6add05951_0000_cl_1.wav,Cl 1,Cl 1, 0.494318 , 0.113858, 0.391824,
seven6c0f64930_0000_cl_1.wav,Cl 1,Cl 1, 0.866773 , 0.020261, 0.112966,
seven6c0f64932_0000_cl_1.wav,Cl 1,Cl 1, 0.995012 , 0.000019, 0.004968,
seven6c0f64934_0000_cl_1.wav,Cl 1,Cl 1, 0.999040 , 0.000001, 0.000958,
seven6c429c7b0_0000_cl_1.wav,Cl 1,Cl 1, 0.868249 , 0.000306, 0.131445,
seven6c429c7b3_0000_cl_1.wav,Cl 1,Cl 1, 0.971165 , 0.000013, 0.028822,
seven6d0ad7640_0000_cl_1.wav,Cl 1,Cl 1, 0.872142 , 0.000908, 0.126949,
seven6e8b9b7b0_0000_cl_1.wav,Cl 1,Cl 1, 0.996868 , 0.000003, 0.003130,
seven6e916de81_0000_cl_1.wav,Cl 1,Cl 2, 0.138185 , 0.502182, 0.359634,
seven6ef841e80_0000_cl_1.wav,Cl 1,Cl 1, 0.999748 , 0.000000, 0.000252,
seven7061c7d11_0000_cl_1.wav,Cl 1,Cl 1, 0.947210 , 0.007283, 0.045507,
seven70a00e980_0000_cl_1.wav,Cl 1,Cl 1, 0.999801 , 0.000000, 0.000199,
seven70a00e981_0000_cl_1.wav,Cl 1,Cl 1, 0.999982 , 0.000000, 0.000018,
seven70a00e984_0000_cl_1.wav,Cl 1,Cl 1, 0.999480 , 0.000000, 0.000519,
seven71aa5b540_0000_cl_1.wav,Cl 1,Cl 1, 0.962719 , 0.000485, 0.036796,
seven71aa5b541_0000_cl_1.wav,Cl 1,Cl 1, 0.994118 , 0.000014, 0.005868,
seven72d75d962_0000_cl_1.wav,Cl 1,Cl 1, 0.992922 , 0.000004, 0.007074,
seven73cccfaf0_0000_cl_1.wav,Cl 1,Cl 1, 0.999202 , 0.000044, 0.000754,
seven742d64313_0000_cl_1.wav,Cl 1,Cl 1, 0.999206 , 0.000049, 0.000746,
seven742d64314_0000_cl_1.wav,Cl 1,Cl 1, 0.971987 , 0.000192, 0.027821,
seven77655bdf0_0000_cl_1.wav,Cl 1,Cl 1, 0.936556 , 0.000093, 0.063351,
seven77655bdf1_0000_cl_1.wav,Cl 1,Cl 1, 0.990113 , 0.000037, 0.009850,
seven780302701_0000_cl_1.wav,Cl 1,Cl 1, 0.993422 , 0.000001, 0.006578,
seven7b3019390_0000_cl_1.wav,Cl 1,Cl 1, 0.993156 , 0.000005, 0.006839,
seven7cb5c0b70_0000_cl_1.wav,Cl 1,Cl 1, 0.352020 , 0.351558, 0.296422,
seven7e2d5caf2_0000_cl_1.wav,Cl 1,Cl 1, 0.992340 , 0.002080, 0.005580,
seven7e556a2c0_0000_cl_1.wav,Cl 1,Cl 1, 0.983585 , 0.000068, 0.016347,
seven7e6bd7761_0000_cl_1.wav,Cl 1,Cl 1, 0.995803 , 0.000037, 0.004161,
seven8012c69d1_0000_cl_1.wav,Cl 1,Cl 1, 0.984283 , 0.000897, 0.014819,
seven8012c69d2_0000_cl_1.wav,Cl 1,Cl 1, 0.996433 , 0.000049, 0.003518,
seven80c171180_0000_cl_1.wav,Cl 1,Cl 3, 0.402580 , 0.038823, 0.558598,
seven8134f43f4_0000_cl_1.wav,Cl 1,Cl 1, 0.980336 , 0.000010, 0.019654,
seven81dc4a940_0000_cl_1.wav,Cl 1,Cl 1, 0.998124 , 0.000018, 0.001857,
seven8281a2a84_0000_cl_1.wav,Cl 1,Cl 1, 0.996434 , 0.000007, 0.003559,
seven82c6d2200_0000_cl_1.wav,Cl 1,Cl 1, 0.979193 , 0.000004, 0.020802,
seven833a02791_0000_cl_1.wav,Cl 1,Cl 1, 0.998303 , 0.000002, 0.001695,
seven834f03fe3_0000_cl_1.wav,Cl 1,Cl 1, 0.898245 , 0.000474, 0.101281,
seven834f03fe4_0000_cl_1.wav,Cl 1,Cl 1, 0.980920 , 0.005161, 0.013919,
seven839572010_0000_cl_1.wav,Cl 1,Cl 1, 0.782009 , 0.005198, 0.212793,
seven84d1e4690_0000_cl_1.wav,Cl 1,Cl 1, 0.977844 , 0.000365, 0.021791,
seven86b896610_0000_cl_1.wav,Cl 1,Cl 1, 0.767329 , 0.099437, 0.133234,
seven87c627670_0000_cl_1.wav,Cl 1,Cl 2, 0.065835 , 0.586174, 0.347991,
seven88053e920_0000_cl_1.wav,Cl 1,Cl 1, 0.987674 , 0.000361, 0.011965,
seven8830e17f4_0000_cl_1.wav,Cl 1,Cl 1, 0.942616 , 0.000075, 0.057309,
seven888a0c491_0000_cl_1.wav,Cl 1,Cl 3, 0.008829 , 0.044322, 0.946850,
seven888a0c493_0000_cl_1.wav,Cl 1,Cl 1, 0.997815 , 0.000513, 0.001672,
seven88f3719f1_0000_cl_1.wav,Cl 1,Cl 1, 0.970662 , 0.001271, 0.028066,
seven8a28231e0_0000_cl_1.wav,Cl 1,Cl 1, 0.998611 , 0.000022, 0.001367,
seven8aa35b0c0_0000_cl_1.wav,Cl 1,Cl 1, 0.999547 , 0.000008, 0.000445,
seven8c4854bc0_0000_cl_1.wav,Cl 1,Cl 1, 0.999637 , 0.000003, 0.000360,
seven8d5d076d1_0000_cl_1.wav,Cl 1,Cl 1, 0.997579 , 0.000001, 0.002420,
seven8dd788d80_0000_cl_1.wav,Cl 1,Cl 1, 0.880310 , 0.000019, 0.119671,
seven8e05039f0_0000_cl_1.wav,Cl 1,Cl 1, 0.985460 , 0.000001, 0.014539,
seven8e05039f2_0000_cl_1.wav,Cl 1,Cl 3, 0.222892 , 0.003444, 0.773664,
seven8e884ec40_0000_cl_1.wav,Cl 1,Cl 1, 0.999689 , 0.000000, 0.000311,
seven902258bb0_0000_cl_1.wav,Cl 1,Cl 1, 0.974912 , 0.000336, 0.024752,
seven908047751_0000_cl_1.wav,Cl 1,Cl 1, 0.997304 , 0.000005, 0.002691,
seven92a9c5e61_0000_cl_1.wav,Cl 1,Cl 1, 0.997448 , 0.000355, 0.002198,
seven92a9c5e63_0000_cl_1.wav,Cl 1,Cl 1, 0.997470 , 0.000010, 0.002520,
seven953fe1ad0_0000_cl_1.wav,Cl 1,Cl 1, 0.999623 , 0.000001, 0.000376,
seven9587481f0_0000_cl_1.wav,Cl 1,Cl 1, 0.993687 , 0.000449, 0.005864,
seven961052820_0000_cl_1.wav,Cl 1,Cl 1, 0.667630 , 0.002434, 0.329937,
seven964e8cfd3_0000_cl_1.wav,Cl 1,Cl 1, 0.998119 , 0.000989, 0.000892,
seven96a48d282_0000_cl_1.wav,Cl 1,Cl 1, 0.976750 , 0.000040, 0.023210,
seven96ab65650_0000_cl_1.wav,Cl 1,Cl 1, 0.771317 , 0.010737, 0.217946,
seven97101ef30_0000_cl_1.wav,Cl 1,Cl 1, 0.979211 , 0.000004, 0.020786,
seven982babaf1_0000_cl_1.wav,Cl 1,Cl 1, 0.999429 , 0.000000, 0.000571,
seven98447c430_0000_cl_1.wav,Cl 1,Cl 1, 0.999932 , 0.000000, 0.000068,
seven9a69672b3_0000_cl_1.wav,Cl 1,Cl 1, 0.965484 , 0.000263, 0.034252,
seven9a7c1f830_0000_cl_1.wav,Cl 1,Cl 1, 0.969293 , 0.000485, 0.030221,
seven9a7c1f832_0000_cl_1.wav,Cl 1,Cl 1, 0.996005 , 0.000126, 0.003869,
seven9b402bc21_0000_cl_1.wav,Cl 1,Cl 3, 0.364509 , 0.004079, 0.631413,
seven9ce7a4190_0000_cl_1.wav,Cl 1,Cl 1, 0.991453 , 0.001693, 0.006854,
seven9d4bab4f0_0000_cl_1.wav,Cl 1,Cl 1, 0.990154 , 0.000254, 0.009592,
seven9db2bfe90_0000_cl_1.wav,Cl 1,Cl 1, 0.992765 , 0.000001, 0.007233,
seven9e075bf11_0000_cl_1.wav,Cl 1,Cl 1, 0.988635 , 0.000025, 0.011341,
seven9e075bf12_0000_cl_1.wav,Cl 1,Cl 1, 0.993849 , 0.000019, 0.006132,
seven9f4098cb0_0000_cl_1.wav,Cl 1,Cl 1, 0.990462 , 0.000000, 0.009538,
seven9ff2d2f43_0000_cl_1.wav,Cl 1,Cl 1, 0.996001 , 0.000006, 0.003993,
sevena1cff7722_0000_cl_1.wav,Cl 1,Cl 1, 0.995575 , 0.000000, 0.004425,
sevena1cff7723_0000_cl_1.wav,Cl 1,Cl 1, 0.998403 , 0.000000, 0.001597,
sevena5609cce1_0000_cl_1.wav,Cl 1,Cl 1, 0.740280 , 0.024121, 0.235599,
sevena5b241751_0000_cl_1.wav,Cl 1,Cl 1, 0.982872 , 0.000012, 0.017115,
sevenab00c4b20_0000_cl_1.wav,Cl 1,Cl 1, 0.996767 , 0.000000, 0.003233,
sevenab71c9a72_0000_cl_1.wav,Cl 1,Cl 1, 0.933390 , 0.008639, 0.057970,
sevenab7b5acd1_0000_cl_1.wav,Cl 1,Cl 1, 0.952447 , 0.000516, 0.047037,
sevenac899eb70_0000_cl_1.wav,Cl 1,Cl 1, 0.984668 , 0.000008, 0.015324,
sevenacfd3bc30_0000_cl_1.wav,Cl 1,Cl 1, 0.999296 , 0.000001, 0.000703,
sevenad63d93c3_0000_cl_1.wav,Cl 1,Cl 1, 0.999816 , 0.000000, 0.000184,
sevenad63d93c4_0000_cl_1.wav,Cl 1,Cl 1, 0.999438 , 0.000000, 0.000562,
sevenadec6a940_0000_cl_1.wav,Cl 1,Cl 1, 0.993115 , 0.000161, 0.006724,
sevenaf30314d0_0000_cl_1.wav,Cl 1,Cl 1, 0.958184 , 0.001445, 0.040372,
sevenaf8b2f2c1_0000_cl_1.wav,Cl 1,Cl 1, 0.938754 , 0.000012, 0.061234,
sevenb00c4c531_0000_cl_1.wav,Cl 1,Cl 1, 0.903193 , 0.019722, 0.077086,
sevenb1114e4f0_0000_cl_1.wav,Cl 1,Cl 3, 0.058791 , 0.157120, 0.784089,
sevenb14260031_0000_cl_1.wav,Cl 1,Cl 1, 0.992220 , 0.000258, 0.007523,
sevenb31ad5080_0000_cl_1.wav,Cl 1,Cl 1, 0.915977 , 0.000335, 0.083689,
sevenb41a92a30_0000_cl_1.wav,Cl 1,Cl 1, 0.995981 , 0.000388, 0.003632,
sevenb43c8f2f0_0000_cl_1.wav,Cl 1,Cl 1, 0.980805 , 0.000619, 0.018576,
sevenb49caed32_0000_cl_1.wav,Cl 1,Cl 1, 0.999599 , 0.000002, 0.000399,
sevenb665723d0_0000_cl_1.wav,Cl 1,Cl 1, 0.999516 , 0.000000, 0.000484,
sevenb76698040_0000_cl_1.wav,Cl 1,Cl 1, 0.617598 , 0.102949, 0.279452,
sevenb7a0754f0_0000_cl_1.wav,Cl 1,Cl 1, 0.995262 , 0.000009, 0.004729,
sevenb959cd0c0_0000_cl_1.wav,Cl 1,Cl 2, 0.102821 , 0.590195, 0.306984,
sevenb97c9f773_0000_cl_1.wav,Cl 1,Cl 2, 0.317177 , 0.370225, 0.312598,
sevenb9cccd011_0000_cl_1.wav,Cl 1,Cl 1, 0.998937 , 0.000000, 0.001063,
sevenba770f9b0_0000_cl_1.wav,Cl 1,Cl 1, 0.998484 , 0.000012, 0.001504,
sevenbab364201_0000_cl_1.wav,Cl 1,Cl 1, 0.999951 , 0.000000, 0.000049,
sevenbc196f810_0000_cl_1.wav,Cl 1,Cl 1, 0.778166 , 0.000404, 0.221430,
sevenbdee441c1_0000_cl_1.wav,Cl 1,Cl 1, 0.972921 , 0.008149, 0.018930,
sevenbf90a57a1_0000_cl_1.wav,Cl 1,Cl 1, 0.910736 , 0.000284, 0.088979,
sevenc120e80e2_0000_cl_1.wav,Cl 1,Cl 1, 0.999785 , 0.000000, 0.000215,
sevenc120e80e4_0000_cl_1.wav,Cl 1,Cl 1, 0.999153 , 0.000000, 0.000847,
sevenc1d39ce87_0000_cl_1.wav,Cl 1,Cl 1, 0.993648 , 0.000010, 0.006342,
sevenc1eebc0b0_0000_cl_1.wav,Cl 1,Cl 1, 0.999634 , 0.000004, 0.000363,
sevenc205e6251_0000_cl_1.wav,Cl 1,Cl 1, 0.994694 , 0.000001, 0.005305,
sevenc25a032b0_0000_cl_1.wav,Cl 1,Cl 1, 0.936550 , 0.000811, 0.062639,
sevenc25a032b1_0000_cl_1.wav,Cl 1,Cl 1, 0.981549 , 0.000580, 0.017871,
sevenc2bc44890_0000_cl_1.wav,Cl 1,Cl 1, 0.986087 , 0.000452, 0.013462,
sevenc2df23b20_0000_cl_1.wav,Cl 1,Cl 1, 0.878273 , 0.004616, 0.117110,
sevenc4e1f6e00_0000_cl_1.wav,Cl 1,Cl 1, 0.913024 , 0.008953, 0.078023,
sevenc578beb03_0000_cl_1.wav,Cl 1,Cl 1, 0.986557 , 0.000123, 0.013319,
sevenc68cf2000_0000_cl_1.wav,Cl 1,Cl 1, 0.990683 , 0.000001, 0.009316,
sevenc71e3acc0_0000_cl_1.wav,Cl 1,Cl 1, 0.923301 , 0.000016, 0.076683,
sevenc7aa72e60_0000_cl_1.wav,Cl 1,Cl 1, 0.974238 , 0.000113, 0.025649,
sevenc7b4049e0_0000_cl_1.wav,Cl 1,Cl 2, 0.208232 , 0.696553, 0.095215,
sevenc93d5e224_0000_cl_1.wav,Cl 1,Cl 3, 0.217822 , 0.092948, 0.689230,
sevenc9b653a03_0000_cl_1.wav,Cl 1,Cl 1, 0.940202 , 0.001855, 0.057943,
sevencb164eea1_0000_cl_1.wav,Cl 1,Cl 3, 0.484511 , 0.029174, 0.486315,
sevencb8f83070_0000_cl_1.wav,Cl 1,Cl 1, 0.999782 , 0.000000, 0.000218,
sevencb8f83076_0000_cl_1.wav,Cl 1,Cl 1, 0.999782 , 0.000000, 0.000218,
sevencc5928080_0000_cl_1.wav,Cl 1,Cl 1, 0.998499 , 0.000001, 0.001500,
sevencc6ee39b4_0000_cl_1.wav,Cl 1,Cl 1, 0.730632 , 0.005969, 0.263400,
sevenccea893d0_0000_cl_1.wav,Cl 1,Cl 1, 0.999720 , 0.000033, 0.000247,
sevencd3331a61_0000_cl_1.wav,Cl 1,Cl 3, 0.242384 , 0.285084, 0.472532,
sevencd68e9970_0000_cl_1.wav,Cl 1,Cl 1, 0.989044 , 0.000391, 0.010565,
sevencd68e9972_0000_cl_1.wav,Cl 1,Cl 1, 0.998873 , 0.000022, 0.001105,
sevencd7f8c1b0_0000_cl_1.wav,Cl 1,Cl 1, 0.998259 , 0.000281, 0.001460,
sevencd85758f4_0000_cl_1.wav,Cl 1,Cl 1, 0.999895 , 0.000000, 0.000105,
sevencdbd69691_0000_cl_1.wav,Cl 1,Cl 1, 0.999245 , 0.000004, 0.000751,
sevencdfbbe751_0000_cl_1.wav,Cl 1,Cl 1, 0.989021 , 0.000469, 0.010510,
sevenced4e2a11_0000_cl_1.wav,Cl 1,Cl 1, 0.979369 , 0.000004, 0.020627,
sevend0faf7e40_0000_cl_1.wav,Cl 1,Cl 3, 0.365476 , 0.000336, 0.634188,
sevend0faf7e42_0000_cl_1.wav,Cl 1,Cl 1, 0.946032 , 0.000304, 0.053664,
sevend0faf7e43_0000_cl_1.wav,Cl 1,Cl 1, 0.954255 , 0.000010, 0.045736,
sevend103dd6e0_0000_cl_1.wav,Cl 1,Cl 1, 0.988169 , 0.000035, 0.011797,
sevend1214f150_0000_cl_1.wav,Cl 1,Cl 1, 0.684214 , 0.145533, 0.170253,
sevend197e3ae4_0000_cl_1.wav,Cl 1,Cl 1, 0.999483 , 0.000001, 0.000516,
sevend1a4fb3f0_0000_cl_1.wav,Cl 1,Cl 1, 0.886670 , 0.063432, 0.049898,
sevend6360b321_0000_cl_1.wav,Cl 1,Cl 1, 0.994321 , 0.000049, 0.005630,
sevend7559b2d0_0000_cl_1.wav,Cl 1,Cl 1, 0.988402 , 0.000498, 0.011099,
sevend94eb94f0_0000_cl_1.wav,Cl 1,Cl 1, 0.886433 , 0.078545, 0.035022,
sevend94eb94f1_0000_cl_1.wav,Cl 1,Cl 1, 0.744326 , 0.079093, 0.176581,
sevend952a17e1_0000_cl_1.wav,Cl 1,Cl 3, 0.229878 , 0.094376, 0.675746,
sevend98f60430_0000_cl_1.wav,Cl 1,Cl 2, 0.287300 , 0.394784, 0.317916,
sevend98f60431_0000_cl_1.wav,Cl 1,Cl 1, 0.911509 , 0.036529, 0.051962,
sevend9b8fab20_0000_cl_1.wav,Cl 1,Cl 1, 0.995358 , 0.000141, 0.004501,
sevend9b8fab21_0000_cl_1.wav,Cl 1,Cl 1, 0.996671 , 0.000049, 0.003281,
sevenda584bc03_0000_cl_1.wav,Cl 1,Cl 3, 0.067914 , 0.001405, 0.930681,
sevenda76aa580_0000_cl_1.wav,Cl 1,Cl 1, 0.999767 , 0.000000, 0.000233,
sevendb7c95b02_0000_cl_1.wav,Cl 1,Cl 1, 0.997951 , 0.000015, 0.002034,
sevendb9cd41d0_0000_cl_1.wav,Cl 1,Cl 1, 0.978992 , 0.000027, 0.020981,
sevendc75148d0_0000_cl_1.wav,Cl 1,Cl 1, 0.997818 , 0.000009, 0.002173,
sevendca2797e3_0000_cl_1.wav,Cl 1,Cl 1, 0.970833 , 0.000295, 0.028872,
sevendce5041a0_0000_cl_1.wav,Cl 1,Cl 1, 0.991563 , 0.000013, 0.008425,
sevendea820ce1_0000_cl_1.wav,Cl 1,Cl 1, 0.998893 , 0.000007, 0.001100,
sevendf1d50240_0000_cl_1.wav,Cl 1,Cl 1, 0.950344 , 0.000168, 0.049488,
sevendf6bd83f0_0000_cl_1.wav,Cl 1,Cl 1, 0.998521 , 0.000000, 0.001479,
sevene0322f2c3_0000_cl_1.wav,Cl 1,Cl 1, 0.995883 , 0.000000, 0.004117,
sevene14695611_0000_cl_1.wav,Cl 1,Cl 1, 0.846196 , 0.007869, 0.145936,
sevene14695614_0000_cl_1.wav,Cl 1,Cl 1, 0.894671 , 0.012062, 0.093267,
sevene2286c180_0000_cl_1.wav,Cl 1,Cl 1, 0.999342 , 0.000000, 0.000658,
sevene23621670_0000_cl_1.wav,Cl 1,Cl 1, 0.995969 , 0.000133, 0.003899,
sevene4a2cf791_0000_cl_1.wav,Cl 1,Cl 1, 0.994735 , 0.000059, 0.005206,
sevene53139ad0_0000_cl_1.wav,Cl 1,Cl 1, 0.987519 , 0.000048, 0.012433,
sevene5d2e09d0_0000_cl_1.wav,Cl 1,Cl 1, 0.998844 , 0.000000, 0.001156,
sevene5dadd240_0000_cl_1.wav,Cl 1,Cl 3, 0.168318 , 0.231000, 0.600682,
sevene6e29c470_0000_cl_1.wav,Cl 1,Cl 3, 0.331209 , 0.294012, 0.374779,
sevene7117d002_0000_cl_1.wav,Cl 1,Cl 1, 0.903149 , 0.016465, 0.080386,
sevene73343950_0000_cl_1.wav,Cl 1,Cl 1, 0.825894 , 0.003177, 0.170929,
sevene9b614250_0000_cl_1.wav,Cl 1,Cl 1, 0.998382 , 0.000030, 0.001588,
seveneb3f7d824_0000_cl_1.wav,Cl 1,Cl 1, 0.723089 , 0.000703, 0.276208,
sevenec74a8a50_0000_cl_1.wav,Cl 1,Cl 1, 0.981278 , 0.000224, 0.018497,
sevenecef25ba0_0000_cl_1.wav,Cl 1,Cl 1, 0.979868 , 0.000344, 0.019787,
sevened3c2d050_0000_cl_1.wav,Cl 1,Cl 1, 0.936415 , 0.000002, 0.063582,
sevenedc533500_0000_cl_1.wav,Cl 1,Cl 1, 0.991269 , 0.000590, 0.008140,
sevenf00180d01_0000_cl_1.wav,Cl 1,Cl 1, 0.837385 , 0.000022, 0.162593,
sevenf19c13900_0000_cl_1.wav,Cl 1,Cl 1, 0.999344 , 0.000000, 0.000656,
sevenf19c13903_0000_cl_1.wav,Cl 1,Cl 1, 0.610980 , 0.000894, 0.388126,
sevenf21893dc0_0000_cl_1.wav,Cl 1,Cl 1, 0.992059 , 0.000003, 0.007938,
sevenf4c77b260_0000_cl_1.wav,Cl 1,Cl 1, 0.995732 , 0.000008, 0.004260,
sevenf4c77b261_0000_cl_1.wav,Cl 1,Cl 1, 0.993896 , 0.000026, 0.006078,
sevenf54964390_0000_cl_1.wav,Cl 1,Cl 1, 0.981015 , 0.000113, 0.018872,
sevenf57339684_0000_cl_1.wav,Cl 1,Cl 1, 0.981454 , 0.000112, 0.018435,
sevenf59d07710_0000_cl_1.wav,Cl 1,Cl 3, 0.148481 , 0.059832, 0.791687,
sevenf875f9650_0000_cl_1.wav,Cl 1,Cl 2, 0.143114 , 0.499407, 0.357479,
sevenf953e1af1_0000_cl_1.wav,Cl 1,Cl 1, 0.976421 , 0.000054, 0.023525,
sevenf9bdf10e0_0000_cl_1.wav,Cl 1,Cl 1, 0.980921 , 0.000099, 0.018980,
sevenfacd97c00_0000_cl_1.wav,Cl 1,Cl 1, 0.871714 , 0.000331, 0.127954,
sevenfafe81012_0000_cl_1.wav,Cl 1,Cl 1, 0.983269 , 0.001615, 0.015116,
sevenfc94edb00_0000_cl_1.wav,Cl 1,Cl 1, 0.999357 , 0.000001, 0.000641,
sevenfe5c4a7a1_0000_cl_1.wav,Cl 1,Cl 1, 0.999389 , 0.000000, 0.000610,
sevenfffcabd10_0000_cl_1.wav,Cl 1,Cl 1, 0.985679 , 0.000001, 0.014320,
sevenfffcabd11_0000_cl_1.wav,Cl 1,Cl 1, 0.846318 , 0.000011, 0.153671,
